-- phpMyAdmin SQL Dump
-- version 4.0.4
-- http://www.phpmyadmin.net
--
-- Host: localhost
-- Generation Time: Nov 04, 2018 at 12:56 PM
-- Server version: 5.6.12-log
-- PHP Version: 5.4.16

SET SQL_MODE = "NO_AUTO_VALUE_ON_ZERO";
SET time_zone = "+00:00";


/*!40101 SET @OLD_CHARACTER_SET_CLIENT=@@CHARACTER_SET_CLIENT */;
/*!40101 SET @OLD_CHARACTER_SET_RESULTS=@@CHARACTER_SET_RESULTS */;
/*!40101 SET @OLD_COLLATION_CONNECTION=@@COLLATION_CONNECTION */;
/*!40101 SET NAMES utf8 */;

--
-- Database: `gmail_spam`
--
CREATE DATABASE IF NOT EXISTS `gmail_spam` DEFAULT CHARACTER SET latin1 COLLATE latin1_swedish_ci;
USE `gmail_spam`;

-- --------------------------------------------------------

--
-- Table structure for table `auth_group`
--

CREATE TABLE IF NOT EXISTS `auth_group` (
  `id` int(11) NOT NULL AUTO_INCREMENT,
  `name` varchar(80) NOT NULL,
  PRIMARY KEY (`id`),
  UNIQUE KEY `name` (`name`)
) ENGINE=InnoDB DEFAULT CHARSET=latin1 AUTO_INCREMENT=1 ;

-- --------------------------------------------------------

--
-- Table structure for table `auth_group_permissions`
--

CREATE TABLE IF NOT EXISTS `auth_group_permissions` (
  `id` int(11) NOT NULL AUTO_INCREMENT,
  `group_id` int(11) NOT NULL,
  `permission_id` int(11) NOT NULL,
  PRIMARY KEY (`id`),
  UNIQUE KEY `auth_group_permissions_group_id_permission_id_0cd325b0_uniq` (`group_id`,`permission_id`),
  KEY `auth_group_permissio_permission_id_84c5c92e_fk_auth_perm` (`permission_id`)
) ENGINE=InnoDB DEFAULT CHARSET=latin1 AUTO_INCREMENT=1 ;

-- --------------------------------------------------------

--
-- Table structure for table `auth_permission`
--

CREATE TABLE IF NOT EXISTS `auth_permission` (
  `id` int(11) NOT NULL AUTO_INCREMENT,
  `name` varchar(255) NOT NULL,
  `content_type_id` int(11) NOT NULL,
  `codename` varchar(100) NOT NULL,
  PRIMARY KEY (`id`),
  UNIQUE KEY `auth_permission_content_type_id_codename_01ab375a_uniq` (`content_type_id`,`codename`)
) ENGINE=InnoDB  DEFAULT CHARSET=latin1 AUTO_INCREMENT=39 ;

--
-- Dumping data for table `auth_permission`
--

INSERT INTO `auth_permission` (`id`, `name`, `content_type_id`, `codename`) VALUES
(1, 'Can add log entry', 1, 'add_logentry'),
(2, 'Can change log entry', 1, 'change_logentry'),
(3, 'Can delete log entry', 1, 'delete_logentry'),
(4, 'Can view log entry', 1, 'view_logentry'),
(5, 'Can add permission', 2, 'add_permission'),
(6, 'Can change permission', 2, 'change_permission'),
(7, 'Can delete permission', 2, 'delete_permission'),
(8, 'Can view permission', 2, 'view_permission'),
(9, 'Can add group', 3, 'add_group'),
(10, 'Can change group', 3, 'change_group'),
(11, 'Can delete group', 3, 'delete_group'),
(12, 'Can view group', 3, 'view_group'),
(13, 'Can add user', 4, 'add_user'),
(14, 'Can change user', 4, 'change_user'),
(15, 'Can delete user', 4, 'delete_user'),
(16, 'Can view user', 4, 'view_user'),
(17, 'Can add content type', 5, 'add_contenttype'),
(18, 'Can change content type', 5, 'change_contenttype'),
(19, 'Can delete content type', 5, 'delete_contenttype'),
(20, 'Can view content type', 5, 'view_contenttype'),
(21, 'Can add session', 6, 'add_session'),
(22, 'Can change session', 6, 'change_session'),
(23, 'Can delete session', 6, 'delete_session'),
(24, 'Can view session', 6, 'view_session'),
(25, 'Can add register model', 7, 'add_registermodel'),
(26, 'Can change register model', 7, 'change_registermodel'),
(27, 'Can delete register model', 7, 'delete_registermodel'),
(28, 'Can view register model', 7, 'view_registermodel'),
(29, 'Can add sendmail model', 8, 'add_sendmailmodel'),
(30, 'Can change sendmail model', 8, 'change_sendmailmodel'),
(31, 'Can delete sendmail model', 8, 'delete_sendmailmodel'),
(32, 'Can view sendmail model', 8, 'view_sendmailmodel'),
(33, 'Can add spam model', 9, 'add_spammodel'),
(34, 'Can change spam model', 9, 'change_spammodel'),
(35, 'Can delete spam model', 9, 'delete_spammodel'),
(36, 'Can add feedback model', 10, 'add_feedbackmodel'),
(37, 'Can change feedback model', 10, 'change_feedbackmodel'),
(38, 'Can delete feedback model', 10, 'delete_feedbackmodel');

-- --------------------------------------------------------

--
-- Table structure for table `auth_user`
--

CREATE TABLE IF NOT EXISTS `auth_user` (
  `id` int(11) NOT NULL AUTO_INCREMENT,
  `password` varchar(128) NOT NULL,
  `last_login` datetime(6) DEFAULT NULL,
  `is_superuser` tinyint(1) NOT NULL,
  `username` varchar(150) NOT NULL,
  `first_name` varchar(30) NOT NULL,
  `last_name` varchar(150) NOT NULL,
  `email` varchar(254) NOT NULL,
  `is_staff` tinyint(1) NOT NULL,
  `is_active` tinyint(1) NOT NULL,
  `date_joined` datetime(6) NOT NULL,
  PRIMARY KEY (`id`),
  UNIQUE KEY `username` (`username`)
) ENGINE=InnoDB DEFAULT CHARSET=latin1 AUTO_INCREMENT=1 ;

-- --------------------------------------------------------

--
-- Table structure for table `auth_user_groups`
--

CREATE TABLE IF NOT EXISTS `auth_user_groups` (
  `id` int(11) NOT NULL AUTO_INCREMENT,
  `user_id` int(11) NOT NULL,
  `group_id` int(11) NOT NULL,
  PRIMARY KEY (`id`),
  UNIQUE KEY `auth_user_groups_user_id_group_id_94350c0c_uniq` (`user_id`,`group_id`),
  KEY `auth_user_groups_group_id_97559544_fk_auth_group_id` (`group_id`)
) ENGINE=InnoDB DEFAULT CHARSET=latin1 AUTO_INCREMENT=1 ;

-- --------------------------------------------------------

--
-- Table structure for table `auth_user_user_permissions`
--

CREATE TABLE IF NOT EXISTS `auth_user_user_permissions` (
  `id` int(11) NOT NULL AUTO_INCREMENT,
  `user_id` int(11) NOT NULL,
  `permission_id` int(11) NOT NULL,
  PRIMARY KEY (`id`),
  UNIQUE KEY `auth_user_user_permissions_user_id_permission_id_14a6b632_uniq` (`user_id`,`permission_id`),
  KEY `auth_user_user_permi_permission_id_1fbb5f2c_fk_auth_perm` (`permission_id`)
) ENGINE=InnoDB DEFAULT CHARSET=latin1 AUTO_INCREMENT=1 ;

-- --------------------------------------------------------

--
-- Table structure for table `django_admin_log`
--

CREATE TABLE IF NOT EXISTS `django_admin_log` (
  `id` int(11) NOT NULL AUTO_INCREMENT,
  `action_time` datetime(6) NOT NULL,
  `object_id` longtext,
  `object_repr` varchar(200) NOT NULL,
  `action_flag` smallint(5) unsigned NOT NULL,
  `change_message` longtext NOT NULL,
  `content_type_id` int(11) DEFAULT NULL,
  `user_id` int(11) NOT NULL,
  PRIMARY KEY (`id`),
  KEY `django_admin_log_content_type_id_c4bce8eb_fk_django_co` (`content_type_id`),
  KEY `django_admin_log_user_id_c564eba6_fk_auth_user_id` (`user_id`)
) ENGINE=InnoDB DEFAULT CHARSET=latin1 AUTO_INCREMENT=1 ;

-- --------------------------------------------------------

--
-- Table structure for table `django_content_type`
--

CREATE TABLE IF NOT EXISTS `django_content_type` (
  `id` int(11) NOT NULL AUTO_INCREMENT,
  `app_label` varchar(100) NOT NULL,
  `model` varchar(100) NOT NULL,
  PRIMARY KEY (`id`),
  UNIQUE KEY `django_content_type_app_label_model_76bd3d3b_uniq` (`app_label`,`model`)
) ENGINE=InnoDB  DEFAULT CHARSET=latin1 AUTO_INCREMENT=11 ;

--
-- Dumping data for table `django_content_type`
--

INSERT INTO `django_content_type` (`id`, `app_label`, `model`) VALUES
(1, 'admin', 'logentry'),
(3, 'auth', 'group'),
(2, 'auth', 'permission'),
(4, 'auth', 'user'),
(5, 'contenttypes', 'contenttype'),
(9, 'email_admin', 'spammodel'),
(6, 'sessions', 'session'),
(10, 'user', 'feedbackmodel'),
(7, 'user', 'registermodel'),
(8, 'user', 'sendmailmodel');

-- --------------------------------------------------------

--
-- Table structure for table `django_migrations`
--

CREATE TABLE IF NOT EXISTS `django_migrations` (
  `id` int(11) NOT NULL AUTO_INCREMENT,
  `app` varchar(255) NOT NULL,
  `name` varchar(255) NOT NULL,
  `applied` datetime(6) NOT NULL,
  PRIMARY KEY (`id`)
) ENGINE=InnoDB  DEFAULT CHARSET=latin1 AUTO_INCREMENT=22 ;

--
-- Dumping data for table `django_migrations`
--

INSERT INTO `django_migrations` (`id`, `app`, `name`, `applied`) VALUES
(1, 'contenttypes', '0001_initial', '2018-10-12 11:40:26.314640'),
(2, 'auth', '0001_initial', '2018-10-12 11:40:37.913861'),
(3, 'admin', '0001_initial', '2018-10-12 11:40:40.038465'),
(4, 'admin', '0002_logentry_remove_auto_add', '2018-10-12 11:40:40.134066'),
(5, 'admin', '0003_logentry_add_action_flag_choices', '2018-10-12 11:40:40.180866'),
(6, 'contenttypes', '0002_remove_content_type_name', '2018-10-12 11:40:42.013069'),
(7, 'auth', '0002_alter_permission_name_max_length', '2018-10-12 11:40:42.919871'),
(8, 'auth', '0003_alter_user_email_max_length', '2018-10-12 11:40:43.937873'),
(9, 'auth', '0004_alter_user_username_opts', '2018-10-12 11:40:43.969073'),
(10, 'auth', '0005_alter_user_last_login_null', '2018-10-12 11:40:44.600074'),
(11, 'auth', '0006_require_contenttypes_0002', '2018-10-12 11:40:44.662475'),
(12, 'auth', '0007_alter_validators_add_error_messages', '2018-10-12 11:40:44.693675'),
(13, 'auth', '0008_alter_user_username_max_length', '2018-10-12 11:40:45.460076'),
(14, 'auth', '0009_alter_user_last_name_max_length', '2018-10-12 11:40:46.761681'),
(15, 'sessions', '0001_initial', '2018-10-12 11:40:47.581882'),
(16, 'user', '0001_initial', '2018-10-12 11:40:47.956283'),
(17, 'user', '0002_sendmailmodel', '2018-10-12 12:54:29.604903'),
(18, 'user', '0003_sendmailmodel_spam', '2018-10-13 11:47:47.540004'),
(19, 'email_admin', '0001_initial', '2018-10-30 11:36:16.891549'),
(20, 'user', '0002_sendmailmodel_category', '2018-11-01 09:47:14.704838'),
(21, 'user', '0003_feedbackmodel', '2018-11-04 09:51:50.524308');

-- --------------------------------------------------------

--
-- Table structure for table `django_session`
--

CREATE TABLE IF NOT EXISTS `django_session` (
  `session_key` varchar(40) NOT NULL,
  `session_data` longtext NOT NULL,
  `expire_date` datetime(6) NOT NULL,
  PRIMARY KEY (`session_key`),
  KEY `django_session_expire_date_a5c62663` (`expire_date`)
) ENGINE=InnoDB DEFAULT CHARSET=latin1;

--
-- Dumping data for table `django_session`
--

INSERT INTO `django_session` (`session_key`, `session_data`, `expire_date`) VALUES
('a5g0jgszv0tlmh6yuammrwbb8em6g9r8', 'ZjM3NTA4MDU4YjE0ZDJlOTBhNTUyNjljY2FkYmJjYjc3NWM4NmVmNTp7InVzZXJpZCI6NX0=', '2018-10-31 14:22:15.744063'),
('fb5cd6jkaiijcrgss4f0bz62sqpv5025', 'MjUxNTNlNmQyMzZiYWE2ZTlhZTQ1MzAwZjRiNjYxMThkYzU2MWJkOTp7InVzZXJpZCI6MX0=', '2018-11-10 07:07:47.510924'),
('gmrnbb56lu7icil9k2rqtxemc0bplxrs', 'MjUxNTNlNmQyMzZiYWE2ZTlhZTQ1MzAwZjRiNjYxMThkYzU2MWJkOTp7InVzZXJpZCI6MX0=', '2018-11-05 05:45:08.637594'),
('nyk4kfbboeo5x0jk28ow4lk1ls5d6lqy', 'MjUxNTNlNmQyMzZiYWE2ZTlhZTQ1MzAwZjRiNjYxMThkYzU2MWJkOTp7InVzZXJpZCI6MX0=', '2018-11-15 13:16:39.443301'),
('o1rg8msgbni00vd8etw099k1o6q2ez7z', 'MjUxNTNlNmQyMzZiYWE2ZTlhZTQ1MzAwZjRiNjYxMThkYzU2MWJkOTp7InVzZXJpZCI6MX0=', '2018-11-15 05:00:42.878140'),
('oknh353dr2uq1u1661yi0dv6qkw4b739', 'MjUxNTNlNmQyMzZiYWE2ZTlhZTQ1MzAwZjRiNjYxMThkYzU2MWJkOTp7InVzZXJpZCI6MX0=', '2018-11-15 10:18:29.446610'),
('t4lqpsl0u81ucvos53jyp2awfxh47pav', 'ZjM3NTA4MDU4YjE0ZDJlOTBhNTUyNjljY2FkYmJjYjc3NWM4NmVmNTp7InVzZXJpZCI6NX0=', '2018-11-18 10:33:44.692110');

-- --------------------------------------------------------

--
-- Table structure for table `email_admin_spammodel`
--

CREATE TABLE IF NOT EXISTS `email_admin_spammodel` (
  `id` int(11) NOT NULL AUTO_INCREMENT,
  `spam_category` varchar(250) NOT NULL,
  `spam_list` varchar(250) NOT NULL,
  PRIMARY KEY (`id`)
) ENGINE=InnoDB  DEFAULT CHARSET=latin1 AUTO_INCREMENT=3087 ;

--
-- Dumping data for table `email_admin_spammodel`
--

INSERT INTO `email_admin_spammodel` (`id`, `spam_category`, `spam_list`) VALUES
(1, 'war', 'assault'),
(2, 'war', 'attack'),
(3, 'war', 'barrage'),
(4, 'war', 'blitzkreig'),
(5, 'war', 'bloodshed'),
(6, 'war', 'bombing'),
(7, 'war', 'Tug of war'),
(8, 'war', 'Cold War'),
(9, 'war', 'War on Terror'),
(10, 'war', 'World War II'),
(11, 'war', 'Make love, not war'),
(12, 'war', 'War Games'),
(13, 'war', 'War on poverty'),
(14, 'war', 'Prisoner of war'),
(15, 'war', 'War of the Worlds'),
(16, 'war', 'Iraq War'),
(17, 'war', 'War on drugs'),
(18, 'war', 'Antiwar'),
(19, 'war', 'All?s fair in love and war'),
(20, 'war', 'battle'),
(21, 'war', 'bloodshed'),
(22, 'war', 'combat'),
(23, 'war', 'conflict'),
(24, 'war', 'fighting'),
(25, 'war', 'hostility'),
(26, 'war', 'strife'),
(27, 'war', 'strike'),
(28, 'war', 'struggle'),
(29, 'war', 'warfare'),
(30, 'war', 'contention'),
(31, 'war', 'contest'),
(32, 'war', 'enmity'),
(33, 'war', 'hostilities'),
(34, 'war', 'cold war'),
(35, 'war', 'police action'),
(36, 'war', 'armed fighting'),
(37, 'war', 'armed hostilities'),
(38, 'war', 'agitate'),
(39, 'war', 'argue'),
(40, 'war', 'clamor'),
(41, 'war', 'combat'),
(42, 'war', 'contend'),
(43, 'war', 'contest'),
(44, 'war', 'dispute'),
(45, 'war', 'feud'),
(46, 'war', 'oppugn'),
(47, 'war', 'skirmish'),
(48, 'war', 'strive'),
(49, 'war', 'tug'),
(50, 'war', 'wrestle'),
(51, 'war', 'clamor'),
(52, 'war', 'contest'),
(53, 'war', 'dispute'),
(54, 'war', 'feud'),
(55, 'war', 'oppugn'),
(56, 'war', 'skirmish'),
(57, 'war', 'agitate'),
(58, 'war', 'argue'),
(59, 'war', 'clamor'),
(60, 'war', 'combat'),
(61, 'war', 'contend'),
(62, 'war', 'carnage'),
(63, 'war', 'purge'),
(64, 'war', 'slaughter'),
(65, 'war', 'argue'),
(66, 'war', 'bang heads'),
(67, 'war', 'battle'),
(68, 'war', 'brawl'),
(69, 'war', 'buck'),
(70, 'war', 'combat'),
(71, 'war', 'conflict'),
(72, 'war', 'contend'),
(73, 'war', 'cross swords'),
(74, 'war', 'differ'),
(75, 'war', 'disagree'),
(76, 'war', 'encounter'),
(77, 'war', 'feud'),
(78, 'war', 'fret'),
(79, 'war', 'gall'),
(80, 'war', 'grapple'),
(81, 'war', 'grate'),
(82, 'war', 'mix it up'),
(83, 'war', 'quarrel'),
(84, 'war', 'raise Cain'),
(85, 'war', 'wrangle'),
(86, 'war', 'buck'),
(87, 'war', 'clash'),
(88, 'war', 'contend'),
(89, 'war', 'contest'),
(90, 'war', 'cope'),
(91, 'war', 'cross swords with'),
(92, 'war', 'defy'),
(93, 'war', 'dispute'),
(94, 'war', 'do battle with'),
(95, 'war', 'duel'),
(96, 'war', 'engage'),
(97, 'war', 'fight'),
(98, 'war', 'go up against'),
(99, 'war', 'oppose'),
(100, 'war', 'put up a fight'),
(101, 'war', 'repel'),
(102, 'war', 'resist'),
(103, 'war', 'shoot it out'),
(104, 'war', 'strive'),
(105, 'war', 'struggle'),
(106, 'war', 'traverse'),
(107, 'war', 'affray'),
(108, 'war', 'battle royal'),
(109, 'war', 'brush'),
(110, 'war', 'brush-off'),
(111, 'war', 'encounter'),
(112, 'war', 'engagement'),
(113, 'war', 'fight'),
(114, 'war', 'flap'),
(115, 'war', 'fray'),
(116, 'war', 'jackpot'),
(117, 'war', 'mix-up'),
(118, 'war', 'run-in'),
(119, 'war', 'service'),
(120, 'war', 'shoot-out'),
(121, 'war', 'skirmish'),
(122, 'war', 'go up against'),
(123, 'war', 'put up a fight'),
(124, 'war', 'resist'),
(125, 'war', 'cross swords with'),
(126, 'war', 'collision'),
(127, 'war', 'combat'),
(128, 'war', 'competition'),
(129, 'war', 'contention'),
(130, 'war', 'contest'),
(131, 'war', 'emulation'),
(132, 'war', 'encounter'),
(133, 'war', 'engagement'),
(134, 'war', 'fracas'),
(135, 'war', 'fray'),
(136, 'war', 'rivalry'),
(137, 'war', 'set-to'),
(138, 'war', 'strife'),
(139, 'war', 'striving'),
(140, 'war', 'struggle'),
(141, 'war', 'tug-of-war'),
(142, 'war', 'altercation'),
(143, 'war', 'argument'),
(144, 'war', 'battle'),
(145, 'war', 'beef'),
(146, 'war', 'belligerency'),
(147, 'war', 'bone of contention'),
(148, 'war', 'bone to pick'),
(149, 'war', 'combat'),
(150, 'war', 'conflict'),
(151, 'war', 'contest'),
(152, 'war', 'controversy'),
(153, 'war', 'difference'),
(154, 'war', 'disaccord'),
(155, 'war', 'discord'),
(156, 'war', 'dispute'),
(157, 'war', 'dissension'),
(158, 'war', 'dissent'),
(159, 'war', 'dissidence'),
(160, 'war', 'disunity'),
(161, 'war', 'enmity'),
(162, 'war', 'feuding'),
(163, 'war', 'fight'),
(164, 'war', 'flak'),
(165, 'war', 'hassle'),
(166, 'war', 'hostility'),
(167, 'war', 'quarrel'),
(168, 'war', 'rivalry'),
(169, 'war', 'run-in'),
(170, 'war', 'scene'),
(171, 'war', 'scrap'),
(172, 'war', 'set-to'),
(173, 'war', 'squabble'),
(174, 'war', 'static'),
(175, 'war', 'strife'),
(176, 'war', 'struggle'),
(177, 'war', 'variance'),
(178, 'war', 'wrangle'),
(179, 'war', 'wrangling'),
(180, 'war', 'dispute'),
(181, 'war', 'dissent'),
(182, 'war', 'fall out'),
(183, 'war', 'feud'),
(184, 'war', 'fight'),
(185, 'war', 'go for the jugular'),
(186, 'war', 'haggle'),
(187, 'war', 'jump on'),
(188, 'war', 'lay into'),
(189, 'war', 'let have it'),
(190, 'war', 'logomachize'),
(191, 'war', 'oppose'),
(192, 'war', 'palter'),
(193, 'war', 'quarrel'),
(194, 'war', 'quibble'),
(195, 'war', 'rip'),
(196, 'war', 'row'),
(197, 'war', 'scrap'),
(198, 'war', 'set to'),
(199, 'war', 'skirmish'),
(200, 'war', 'spar'),
(201, 'war', 'spat'),
(202, 'war', 'sue'),
(203, 'war', 'take issue'),
(204, 'war', 'argument'),
(205, 'war', 'clash'),
(206, 'war', 'confrontation'),
(207, 'war', 'contention'),
(208, 'war', 'controversy'),
(209, 'war', 'difference'),
(210, 'war', 'disaccord'),
(211, 'war', 'disagreement'),
(212, 'war', 'discord'),
(213, 'war', 'dispute'),
(214, 'war', 'dissension'),
(215, 'war', 'dissent'),
(216, 'war', 'dissentience'),
(217, 'war', 'dissidence'),
(218, 'war', 'dissonance'),
(219, 'war', 'disunity'),
(220, 'war', 'friction'),
(221, 'war', 'inharmony'),
(222, 'war', 'schism'),
(223, 'war', 'strife'),
(224, 'war', 'be at daggers with'),
(225, 'war', 'be at odds'),
(226, 'war', 'bicker'),
(227, 'war', 'brawl'),
(228, 'war', 'contend'),
(229, 'war', 'dispute'),
(230, 'war', 'duel'),
(231, 'war', 'quarrel'),
(232, 'war', 'row'),
(233, 'war', 'squabble'),
(234, 'war', 'altercate'),
(235, 'war', 'assault'),
(236, 'war', 'attack'),
(237, 'war', 'bandy with'),
(238, 'war', 'battle'),
(239, 'war', 'bear arms'),
(240, 'war', 'bicker'),
(241, 'war', 'box'),
(242, 'war', 'brawl'),
(243, 'war', 'brush with'),
(244, 'war', 'buck'),
(245, 'war', 'carry on war'),
(246, 'war', 'clash'),
(247, 'war', 'contend'),
(248, 'war', 'cross swords'),
(249, 'war', 'dispute'),
(250, 'war', 'do battle'),
(251, 'war', 'duel'),
(252, 'war', 'exchange blows'),
(253, 'war', 'feud'),
(254, 'war', 'flare up'),
(255, 'war', 'go to war'),
(256, 'war', 'grapple'),
(257, 'war', 'joust'),
(258, 'war', 'meet'),
(259, 'war', 'mix it up'),
(260, 'war', 'oppugn'),
(261, 'war', 'ply weapons'),
(262, 'war', 'protect'),
(263, 'war', 'quarrel'),
(264, 'war', 'repel'),
(265, 'war', 'resist'),
(266, 'war', 'rowdy'),
(267, 'war', 'scrap'),
(268, 'war', 'scuffle'),
(269, 'war', 'skirmish'),
(270, 'war', 'spar'),
(271, 'war', 'strive'),
(272, 'war', 'struggle'),
(273, 'war', 'take all comers'),
(274, 'war', 'take the field'),
(275, 'war', 'take up the gauntlet'),
(276, 'war', 'tiff'),
(277, 'war', 'tilt'),
(278, 'war', 'traverse'),
(279, 'war', 'tug'),
(280, 'war', 'tussle'),
(281, 'war', 'wage war'),
(282, 'war', 'hostilities'),
(283, 'war', 'abhorrence'),
(284, 'war', 'aggression'),
(285, 'war', 'animosity'),
(286, 'war', 'animus'),
(287, 'war', 'antipathy'),
(288, 'war', 'aversion'),
(289, 'war', 'bad blood'),
(290, 'war', 'bellicosity'),
(291, 'war', 'belligerence'),
(292, 'war', 'bitterness'),
(293, 'war', 'detestation'),
(294, 'war', 'disaffection'),
(295, 'war', 'enmity'),
(296, 'war', 'estrangement'),
(297, 'war', 'grudge'),
(298, 'war', 'hatred'),
(299, 'war', 'ill will'),
(300, 'war', 'inimicality'),
(301, 'war', 'malevolence'),
(302, 'war', 'malice'),
(303, 'war', 'opposition'),
(304, 'war', 'rancor'),
(305, 'war', 'resentment'),
(306, 'war', 'spite'),
(307, 'war', 'spleen'),
(308, 'war', 'unfriendliness'),
(309, 'war', 'venom'),
(310, 'war', 'virulence'),
(311, 'war', 'warpath'),
(312, 'war', 'warlike'),
(313, 'war', 'bellicose'),
(314, 'war', 'combative'),
(315, 'war', 'belligerent'),
(316, 'war', 'fighting'),
(317, 'war', 'combatant'),
(318, 'war', 'fighter'),
(319, 'war', 'combatant'),
(320, 'war', 'warrior'),
(321, 'war', 'activist'),
(322, 'war', 'militance'),
(323, 'war', 'abhorrence'),
(324, 'war', 'aggression'),
(325, 'war', 'animosity'),
(326, 'war', 'animus'),
(327, 'war', 'antipathy'),
(328, 'war', 'aversion'),
(329, 'war', 'bad blood'),
(330, 'war', 'bellicoseness'),
(331, 'war', 'bellicosity'),
(332, 'war', 'belligerency'),
(333, 'war', 'bitterness'),
(334, 'war', 'combativeness'),
(335, 'war', 'contentiousness'),
(336, 'war', 'detestation'),
(337, 'war', 'disaffection'),
(338, 'war', 'enmity'),
(339, 'war', 'estrangement'),
(340, 'war', 'grudge'),
(341, 'war', 'hatred'),
(342, 'war', 'hostility'),
(343, 'war', 'ill will'),
(344, 'war', 'inimicality'),
(345, 'war', 'malevolence'),
(346, 'war', 'malice'),
(347, 'war', 'militancy'),
(348, 'war', 'opposition'),
(349, 'war', 'pugnaciousness'),
(350, 'war', 'pugnacity'),
(351, 'war', 'rancor'),
(352, 'war', 'resentment'),
(353, 'war', 'spite'),
(354, 'war', 'spleen'),
(355, 'war', 'truculence'),
(356, 'war', 'truculency'),
(357, 'war', 'unfriendliness'),
(358, 'war', 'venom'),
(359, 'war', 'virulence'),
(360, 'war', 'opposition'),
(361, 'war', 'antinomy'),
(362, 'war', 'antithesis'),
(363, 'war', 'aversion'),
(364, 'war', 'brush'),
(365, 'war', 'civil disobedience'),
(366, 'war', 'clash'),
(367, 'war', 'combat'),
(368, 'war', 'competition'),
(369, 'war', 'con'),
(370, 'war', 'conflict'),
(371, 'war', 'confronting'),
(372, 'war', 'contention'),
(373, 'war', 'contest'),
(374, 'war', 'contradistinction'),
(375, 'war', 'contraposition'),
(376, 'war', 'contrariety'),
(377, 'war', 'counteraction'),
(378, 'war', 'counterattack'),
(379, 'war', 'defense'),
(380, 'war', 'defiance'),
(381, 'war', 'disapproval'),
(382, 'war', 'duel'),
(383, 'war', 'encounter'),
(384, 'war', 'engagement'),
(385, 'war', 'fray'),
(386, 'war', 'grapple'),
(387, 'war', 'hostility'),
(388, 'war', 'negativism'),
(389, 'war', 'obstructiveness'),
(390, 'war', 'opposure'),
(391, 'war', 'oppugnancy'),
(392, 'war', 'prevention'),
(393, 'war', 'repugnance'),
(394, 'war', 'repulsion'),
(395, 'war', 'resistance'),
(396, 'war', 'rivalry'),
(397, 'war', 'skirmish'),
(398, 'war', 'strife'),
(399, 'war', 'struggle'),
(400, 'war', 'unfriendliness'),
(401, 'war', 'violation'),
(402, 'war', 'antagonism'),
(403, 'war', 'antinomy'),
(404, 'war', 'antithesis'),
(405, 'war', 'aversion'),
(406, 'war', 'brush'),
(407, 'war', 'civil disobedience'),
(408, 'war', 'clash'),
(409, 'war', 'combat'),
(410, 'war', 'competition'),
(411, 'war', 'con'),
(412, 'war', 'conflict'),
(413, 'war', 'confronting'),
(414, 'war', 'contention'),
(415, 'war', 'contest'),
(416, 'war', 'contradiction'),
(417, 'war', 'contradistinction'),
(418, 'war', 'contraposition'),
(419, 'war', 'contrariety'),
(420, 'war', 'contrariness'),
(421, 'war', 'counteraction'),
(422, 'war', 'counterattack'),
(423, 'war', 'defense'),
(424, 'war', 'defiance'),
(425, 'war', 'disapproval'),
(426, 'war', 'duel'),
(427, 'war', 'encounter'),
(428, 'war', 'engagement'),
(429, 'war', 'fray'),
(430, 'war', 'grapple'),
(431, 'war', 'hostility'),
(432, 'war', 'negativism'),
(433, 'war', 'obstructiveness'),
(434, 'war', 'opposure'),
(435, 'war', 'oppugnancy'),
(436, 'war', 'prevention'),
(437, 'war', 'repugnance'),
(438, 'war', 'repulsion'),
(439, 'war', 'resistance'),
(440, 'war', 'rivalry'),
(441, 'war', 'skirmish'),
(442, 'war', 'strife'),
(443, 'war', 'struggle'),
(444, 'war', 'unfriendliness'),
(445, 'war', 'violation'),
(446, 'war', 'polarity'),
(447, 'war', 'pugnacity'),
(449, 'war', 'antipathy'),
(450, 'war', 'aversion'),
(451, 'war', 'bad blood'),
(452, 'war', 'bellicoseness'),
(453, 'war', 'bellicosity'),
(454, 'war', 'belligerency'),
(455, 'war', 'bitterness'),
(456, 'war', 'combativeness'),
(457, 'war', 'contentiousness'),
(458, 'war', 'detestation'),
(459, 'war', 'disaffection'),
(460, 'war', 'enmity'),
(461, 'war', 'estrangement'),
(462, 'war', 'grudge'),
(463, 'war', 'hatred'),
(464, 'war', 'hostility'),
(465, 'war', 'ill will'),
(466, 'war', 'inimicality'),
(467, 'war', 'malevolence'),
(468, 'war', 'malice'),
(469, 'war', 'militance'),
(470, 'war', 'militancy'),
(471, 'war', 'opposition'),
(472, 'war', 'pugnaciousness'),
(473, 'war', 'rancor'),
(474, 'war', 'resentment'),
(475, 'war', 'spite'),
(476, 'war', 'spleen'),
(477, 'war', 'truculence'),
(478, 'war', 'truculency'),
(479, 'war', 'unfriendliness'),
(480, 'war', 'venom'),
(481, 'war', 'virulence'),
(482, 'war', 'abhorrence'),
(483, 'war', 'aggression'),
(484, 'war', 'animosity'),
(485, 'war', 'animus'),
(486, 'war', 'combative'),
(487, 'war', 'bellicose'),
(488, 'war', 'quarrelsome'),
(489, 'war', 'truculent'),
(490, 'war', 'warlike'),
(491, 'war', 'militant'),
(492, 'war', 'belligerent'),
(493, 'war', 'quarrel'),
(494, 'war', 'altercate'),
(495, 'war', 'argue'),
(496, 'war', 'battle'),
(497, 'war', 'be at loggerheads'),
(498, 'war', 'bicker'),
(499, 'war', 'brawl'),
(500, 'war', 'break with'),
(501, 'war', 'bump'),
(502, 'war', 'carp'),
(503, 'war', 'caterwaul'),
(504, 'war', 'cavil'),
(505, 'war', 'charge'),
(506, 'war', 'clash'),
(507, 'war', 'collide'),
(508, 'war', 'complain'),
(509, 'war', 'contend'),
(510, 'war', 'contest'),
(511, 'war', 'cross swords'),
(512, 'war', 'differ'),
(513, 'war', 'disapprove'),
(514, 'war', 'dispute'),
(515, 'war', 'dissent'),
(516, 'war', 'divide'),
(517, 'war', 'embroil'),
(518, 'war', 'fall out'),
(519, 'war', 'feud'),
(520, 'war', 'fight'),
(521, 'war', 'find fault'),
(522, 'war', 'get tough with'),
(523, 'war', 'hassle'),
(524, 'war', 'have it out'),
(525, 'war', 'have words'),
(526, 'war', 'lock horns'),
(527, 'war', 'mix it up'),
(528, 'war', 'object to'),
(529, 'war', 'row'),
(530, 'war', 'scrap'),
(531, 'war', 'set to'),
(532, 'war', 'spar'),
(533, 'war', 'spat'),
(534, 'war', 'squabble'),
(535, 'war', 'strive'),
(536, 'war', 'struggle'),
(537, 'war', 'take exception'),
(538, 'war', 'take on'),
(539, 'war', 'tangle'),
(540, 'war', 'argumentative'),
(541, 'war', 'bad-tempered'),
(542, 'war', 'bellicose'),
(543, 'war', 'belligerent'),
(544, 'war', 'brawling'),
(545, 'war', 'cantankerous'),
(546, 'war', 'cat-and-dog'),
(547, 'war', 'choleric'),
(548, 'war', 'churlish'),
(549, 'war', 'combative'),
(550, 'war', 'contentious'),
(551, 'war', 'crabby'),
(552, 'war', 'cross'),
(553, 'war', 'disputatious'),
(554, 'war', 'dissentious'),
(555, 'war', 'excitable'),
(556, 'war', 'fiery'),
(557, 'war', 'fractious'),
(558, 'war', 'gladiatorial'),
(559, 'war', 'hasty'),
(560, 'war', 'have chip on shoulder'),
(561, 'war', 'hotheaded'),
(562, 'war', 'huffy'),
(563, 'war', 'impassioned'),
(564, 'war', 'irascible'),
(565, 'war', 'irritable'),
(566, 'war', 'litigious'),
(567, 'war', 'ornery'),
(568, 'war', 'passionate'),
(569, 'war', 'peevish'),
(570, 'war', 'pettish'),
(571, 'war', 'petulant'),
(572, 'war', 'pugnacious'),
(573, 'war', 'querulous'),
(574, 'war', 'ructious'),
(575, 'war', 'snappy'),
(576, 'war', 'tempestuous'),
(577, 'war', 'thin-skinned'),
(578, 'war', 'touchy'),
(579, 'war', 'truculent'),
(580, 'war', 'turbulent'),
(581, 'war', 'unruly'),
(582, 'war', 'truculence'),
(583, 'war', 'bad blood'),
(584, 'war', 'bellicoseness'),
(585, 'war', 'bellicosity'),
(586, 'war', 'belligerency'),
(587, 'war', 'bitterness'),
(588, 'war', 'combativeness'),
(589, 'war', 'contentiousness'),
(590, 'war', 'detestation'),
(591, 'war', 'disaffection'),
(592, 'war', 'enmity'),
(593, 'war', 'estrangement'),
(594, 'war', 'grudge'),
(595, 'war', 'hatred'),
(596, 'war', 'hostility'),
(597, 'war', 'ill will'),
(598, 'war', 'inimicality'),
(599, 'war', 'malevolence'),
(600, 'war', 'malice'),
(601, 'war', 'militance'),
(602, 'war', 'militancy'),
(603, 'war', 'opposition'),
(604, 'war', 'pugnaciousness'),
(605, 'war', 'pugnacity'),
(606, 'war', 'rancor'),
(607, 'war', 'resentment'),
(608, 'war', 'spite'),
(609, 'war', 'spleen'),
(610, 'war', 'truculency'),
(611, 'war', 'armed struggle'),
(612, 'war', 'arms'),
(613, 'war', 'battle'),
(614, 'war', 'blows'),
(615, 'war', 'campaigning'),
(616, 'war', 'clash'),
(617, 'war', 'combat'),
(618, 'war', 'competition'),
(619, 'war', 'contest'),
(620, 'war', 'counterinsurgency'),
(621, 'war', 'discord'),
(622, 'war', 'emulation'),
(623, 'war', 'fighting'),
(624, 'war', 'hostilities'),
(625, 'war', 'military operation'),
(626, 'war', 'passage of arms'),
(627, 'war', 'rivalry'),
(628, 'war', 'strategy'),
(629, 'war', 'strife'),
(630, 'war', 'striving'),
(631, 'war', 'struggle'),
(632, 'war', 'tug-of-war'),
(633, 'weapon', 'atomic bomb'),
(634, 'weapon', 'hydrogen bomb'),
(635, 'weapon', 'neutron bomb'),
(636, 'weapon', 'A-bomb'),
(637, 'weapon', 'A-weapon'),
(638, 'weapon', 'H-bomb'),
(639, 'weapon', 'MX'),
(640, 'weapon', 'atomic weapon'),
(641, 'weapon', 'doomsday machine'),
(642, 'weapon', 'explosive driven by nuclear energy'),
(643, 'weapon', 'mininuke'),
(644, 'weapon', 'mirv'),
(645, 'weapon', 'nuke'),
(646, 'weapon', 'strategic nuclear weapon'),
(647, 'weapon', 'tactical nuclear weapon'),
(648, 'weapon', 'theater nuclear weapon'),
(649, 'weapon', 'thermonuclear weapon'),
(650, 'weapon', 'weapon of mass destruction'),
(651, 'weapon', 'physics package'),
(652, 'weapon', 'thermonuclear bomb'),
(653, 'weapon', 'H-bomb'),
(654, 'weapon', 'atomic bomb'),
(655, 'weapon', 'atomic warhead'),
(656, 'weapon', 'backpack nuke'),
(657, 'weapon', 'doomsday machine'),
(658, 'weapon', 'fission bomb'),
(659, 'weapon', 'hydrogen bomb'),
(660, 'weapon', 'neutron bomb'),
(661, 'weapon', 'nuclear bomb'),
(662, 'weapon', 'nuclear warhead'),
(663, 'weapon', 'nuclear weapon'),
(664, 'weapon', 'nuke'),
(665, 'weapon', 'plutonium bomb'),
(666, 'weapon', 'thermonuclear bomb'),
(667, 'weapon', 'thermonuclear weapon'),
(668, 'weapon', 'Arming sword'),
(669, 'weapon', 'Dagger'),
(670, 'weapon', 'Falchion'),
(671, 'weapon', 'Katana'),
(672, 'weapon', 'Knife'),
(673, 'weapon', 'Longsword'),
(674, 'weapon', 'Trauma or cleaving'),
(675, 'weapon', 'Shortsword'),
(676, 'weapon', 'Ulfberht?("Viking sword")'),
(677, 'weapon', 'Estoc'),
(678, 'weapon', 'Rapier'),
(679, 'weapon', 'Battle axe'),
(680, 'weapon', 'Club'),
(681, 'weapon', 'Flail'),
(682, 'weapon', 'Mace'),
(683, 'weapon', 'Flanged mace'),
(684, 'weapon', 'Pernach'),
(685, 'weapon', 'Shestophor'),
(686, 'weapon', 'Maul'),
(687, 'weapon', 'Morning star'),
(688, 'weapon', 'Quarterstaff'),
(689, 'weapon', 'War hammer'),
(690, 'weapon', 'Bec de Corbin'),
(691, 'weapon', 'Horseman''s pick'),
(692, 'weapon', 'Bludgeon'),
(693, 'weapon', 'Ahlspiess'),
(694, 'weapon', 'Bardiche'),
(695, 'weapon', 'Bill'),
(696, 'weapon', 'Glaive'),
(697, 'weapon', 'Guisarme'),
(698, 'weapon', 'Halberd'),
(699, 'weapon', 'Lance'),
(700, 'weapon', 'Lochaber Axe'),
(701, 'weapon', 'Lucerne hammer'),
(702, 'weapon', 'Man catcher'),
(703, 'weapon', 'Military fork'),
(704, 'weapon', 'Partisan'),
(705, 'weapon', 'Pike'),
(706, 'weapon', 'Plan?on a picot'),
(707, 'weapon', 'Ranseur'),
(708, 'weapon', 'Sovnya'),
(709, 'weapon', 'Spetum'),
(710, 'weapon', 'Swordstaff'),
(711, 'weapon', 'Voulge'),
(712, 'weapon', 'War-scythe'),
(713, 'weapon', 'War hammer'),
(714, 'weapon', 'Bow'),
(715, 'weapon', 'Longbow'),
(716, 'weapon', 'English longbow'),
(717, 'weapon', 'Recurve bow'),
(718, 'weapon', 'Mongol bow'),
(719, 'weapon', 'Crossbow'),
(720, 'weapon', 'Arbalest'),
(721, 'weapon', 'Ballista'),
(722, 'weapon', 'Repeating crossbow'),
(723, 'weapon', 'Sling'),
(724, 'weapon', 'Throwing weapons'),
(725, 'weapon', 'Chakram'),
(726, 'weapon', 'Francisca'),
(727, 'weapon', 'Kunai'),
(728, 'weapon', 'Nzappa zap'),
(729, 'weapon', 'Throwing Spear'),
(730, 'weapon', 'Shuriken'),
(731, 'weapon', 'Culverin'),
(732, 'weapon', 'Hand cannon'),
(733, 'weapon', 'Arquebus'),
(734, 'weapon', 'Musket'),
(735, 'weapon', 'Ranged'),
(736, 'weapon', 'Camels in warfare'),
(737, 'weapon', 'Dogs in warfare'),
(738, 'weapon', 'Horses in warfare'),
(739, 'weapon', 'Courser'),
(740, 'weapon', 'Destrier'),
(741, 'weapon', 'Rouncey'),
(742, 'weapon', 'War elephant'),
(743, 'weapon', 'Battering ram'),
(744, 'weapon', 'Ballista'),
(745, 'weapon', 'Bombard'),
(746, 'weapon', 'Petrary'),
(747, 'weapon', 'Catapult'),
(748, 'weapon', 'Mangonel'),
(749, 'weapon', 'Onager'),
(750, 'weapon', 'Trebuchet'),
(751, 'weapon', 'Cannon'),
(752, 'weapon', 'Hwacha'),
(753, 'weapon', 'Siege tower'),
(754, 'weapon', 'Mortar'),
(755, 'weapon', 'Staff Sling'),
(756, 'weapon', 'Carrack'),
(757, 'weapon', 'Cog'),
(758, 'weapon', 'Fire ship'),
(759, 'weapon', 'Hellburners'),
(760, 'weapon', 'Galleon'),
(761, 'weapon', 'Galley'),
(762, 'weapon', 'Turtle Ship'),
(763, 'weapon', 'Junk'),
(764, 'weapon', 'Longship'),
(765, 'weapon', 'Lou chuan'),
(766, 'weapon', 'Aircraft weapon'),
(767, 'weapon', 'Ancillary weapon'),
(768, 'weapon', 'Anti-aircraft weapon'),
(769, 'weapon', 'Anti-ballistic weapon'),
(770, 'weapon', 'Anti-personnel weapon'),
(771, 'weapon', 'Anti-tank weapon'),
(772, 'weapon', 'Area denial weapon'),
(773, 'weapon', 'Artillery weapon'),
(774, 'weapon', 'Biological weapon'),
(775, 'weapon', 'Chemical weapon'),
(776, 'weapon', 'Ceremonial weapon'),
(777, 'weapon', 'Combat vehicle weapon'),
(778, 'weapon', 'Conventional weapon'),
(779, 'weapon', 'Crew-served weapon'),
(780, 'weapon', 'Cyber weapon'),
(781, 'weapon', 'Deadly weapon'),
(782, 'weapon', 'Directed-energy weapon'),
(783, 'weapon', 'Explosive weapon'),
(784, 'weapon', 'Firearm weapon'),
(785, 'weapon', 'Hunting weapon'),
(786, 'weapon', 'Improvised weapon'),
(787, 'weapon', 'Incendiary weapon'),
(788, 'weapon', 'Martial arts weapon'),
(789, 'weapon', 'Mass destruction weapon'),
(790, 'weapon', 'Melee weapon weapon'),
(791, 'weapon', 'Non-lethal weapon'),
(792, 'weapon', 'Offensive weapon'),
(793, 'weapon', 'Personal weapon'),
(794, 'weapon', 'Pneumatic weapon'),
(795, 'weapon', 'Practice weapon'),
(796, 'weapon', 'Ranged weapon'),
(797, 'weapon', 'Space weapon'),
(798, 'weapon', 'Tectonic weapon'),
(799, 'weapon', 'Torpedo weapon'),
(800, 'weapon', 'Toy weapon'),
(801, 'weapon', 'Bladed weapons'),
(802, 'weapon', 'Swords?'),
(803, 'weapon', 'Knives'),
(804, 'weapon', 'Daggers?'),
(805, 'weapon', 'Axe'),
(806, 'weapon', 'Sickle'),
(807, 'weapon', 'Kama'),
(808, 'weapon', 'Polearms'),
(809, 'weapon', 'Halberd'),
(810, 'weapon', 'Spear'),
(811, 'weapon', 'Guandao'),
(812, 'weapon', 'War scythe'),
(813, 'weapon', 'Blunt weapons'),
(814, 'weapon', 'Clubs/Mace'),
(815, 'weapon', 'Stick/Staff'),
(816, 'weapon', 'Atlatl'),
(817, 'weapon', 'Bolas'),
(818, 'weapon', 'Blowgun'),
(819, 'weapon', 'Bow (weapon)'),
(820, 'weapon', 'Boomerang'),
(821, 'weapon', 'Cutlass'),
(822, 'weapon', 'Hunting sword'),
(823, 'weapon', 'Crossbow'),
(824, 'weapon', 'Harpoon?'),
(825, 'weapon', 'Muzzleloader'),
(826, 'weapon', 'Spear'),
(827, 'weapon', 'Slingshot'),
(828, 'weapon', 'Sling (weapon)'),
(829, 'weapon', 'Woomera (spear-thrower)'),
(830, 'weapon', 'Akdal MKA 1919'),
(831, 'weapon', 'Armsel Striker-12'),
(832, 'weapon', 'Baikal MP-153'),
(833, 'weapon', 'Benelli M4 Super 90'),
(834, 'weapon', 'Beretta AL391'),
(835, 'weapon', 'Beretta Xtrema 2'),
(836, 'weapon', 'Browning Auto-5'),
(837, 'weapon', 'Daewoo USAS-12?(semi-automatic versions for civilian use)'),
(838, 'weapon', 'Franchi SPAS-12'),
(839, 'weapon', 'Franchi SPAS-15'),
(840, 'weapon', 'High Standard Model 10'),
(841, 'weapon', 'Ithaca Mag-10'),
(842, 'weapon', 'MTs 21-12 (?? 21-12) '),
(843, 'weapon', 'Mossberg 930'),
(844, 'weapon', 'Remington 1100'),
(845, 'weapon', 'Remington 11-87'),
(846, 'weapon', 'Remington Model SP-10'),
(847, 'weapon', 'Saiga-12?("?????-12")'),
(848, 'weapon', 'Molot Vepr-12'),
(849, 'weapon', 'Weatherby SA-08'),
(850, 'weapon', 'Sj?gren Shotgun'),
(851, 'weapon', 'FN Five-seven?'),
(852, 'weapon', 'GSh-18?'),
(853, 'weapon', 'Heckler & Koch UCP?'),
(854, 'weapon', 'MP-443 Grach?'),
(855, 'weapon', 'MPA57'),
(856, 'weapon', 'QSZ-92?/?QSW'),
(857, 'weapon', 'VBR-Belgium CQBW?'),
(858, 'violence', 'brutal'),
(859, 'violence', 'crazy'),
(860, 'violence', 'cruel'),
(861, 'violence', 'fierce'),
(862, 'violence', 'homicidal'),
(863, 'violence', 'hysterical'),
(864, 'violence', 'murderous'),
(865, 'violence', 'passionate'),
(866, 'violence', 'potent'),
(867, 'violence', 'powerful'),
(868, 'violence', 'savage'),
(869, 'violence', 'uncontrollable'),
(870, 'violence', 'vicious'),
(871, 'violence', 'agitated'),
(872, 'violence', 'aroused'),
(873, 'violence', 'berserk'),
(874, 'violence', 'bloodthirsty'),
(875, 'violence', 'coercive'),
(876, 'violence', 'demoniac'),
(877, 'violence', 'desperate'),
(878, 'violence', 'distraught'),
(879, 'violence', 'disturbed'),
(880, 'violence', 'enraged'),
(881, 'violence', 'fiery'),
(882, 'violence', 'forceful'),
(883, 'violence', 'forcible'),
(884, 'violence', 'frantic'),
(885, 'violence', 'fuming'),
(886, 'violence', 'furious'),
(887, 'violence', 'great'),
(888, 'violence', 'headstrong'),
(889, 'violence', 'hotheaded'),
(890, 'violence', 'impassioned'),
(891, 'violence', 'impetuous'),
(892, 'violence', 'inflamed'),
(893, 'violence', 'intemperate'),
(894, 'violence', 'mad'),
(895, 'violence', 'maddened'),
(896, 'violence', 'maniacal'),
(897, 'violence', 'mighty'),
(898, 'violence', 'raging'),
(899, 'violence', 'riotous'),
(900, 'violence', 'rough'),
(901, 'violence', 'strong'),
(902, 'violence', 'ungovernable'),
(903, 'violence', 'unrestrained'),
(904, 'violence', 'urgent'),
(905, 'violence', 'vehement'),
(906, 'violence', 'wild'),
(907, 'violence', 'acute'),
(908, 'violence', 'cutting'),
(909, 'violence', 'distressing'),
(910, 'violence', 'excruciating'),
(911, 'violence', 'exquisite'),
(912, 'violence', 'fierce'),
(913, 'violence', 'keen'),
(914, 'violence', 'overpowering'),
(915, 'violence', 'overwhelming'),
(916, 'violence', 'piercing'),
(917, 'violence', 'poignant'),
(918, 'violence', 'powerful'),
(919, 'violence', 'racking'),
(920, 'violence', 'severe'),
(921, 'violence', 'sharp'),
(922, 'violence', 'shooting'),
(923, 'violence', 'stabbing'),
(924, 'violence', 'sudden'),
(925, 'violence', 'violent'),
(926, 'violence', 'agonizing'),
(927, 'violence', 'disturbing'),
(928, 'violence', 'excruciating'),
(929, 'violence', 'extreme'),
(930, 'violence', 'fierce'),
(931, 'violence', 'harrowing'),
(932, 'violence', 'intense'),
(933, 'violence', 'racking'),
(934, 'violence', 'struggling'),
(935, 'violence', 'tearing'),
(936, 'violence', 'tormenting'),
(937, 'violence', 'tortuous'),
(938, 'violence', 'torturing'),
(939, 'violence', 'vehement'),
(940, 'violence', 'beastlike'),
(941, 'violence', 'barbaric'),
(942, 'violence', 'barbarous'),
(943, 'violence', 'bloodthirsty'),
(944, 'violence', 'brutal'),
(945, 'violence', 'feral'),
(946, 'violence', 'fierce'),
(947, 'violence', 'savage'),
(948, 'violence', 'untamed'),
(949, 'violence', 'berserk'),
(950, 'violence', 'crazy'),
(951, 'violence', 'demented'),
(952, 'violence', 'deranged'),
(953, 'violence', 'insane'),
(954, 'violence', 'mad'),
(955, 'violence', 'maniacal'),
(956, 'violence', 'manic'),
(957, 'violence', 'hasty'),
(958, 'violence', 'heedless'),
(959, 'violence', 'impetuous'),
(960, 'violence', 'inconsiderate'),
(961, 'violence', 'irrational'),
(962, 'violence', 'mindless'),
(963, 'violence', 'rash'),
(964, 'violence', 'reckless'),
(965, 'violence', 'senseless'),
(966, 'violence', 'shortsighted'),
(967, 'violence', 'thoughtless'),
(968, 'violence', 'unseeing'),
(969, 'violence', 'unthinking'),
(970, 'violence', 'bloody-minded'),
(971, 'violence', 'bloodthirsty'),
(972, 'violence', 'bloody'),
(973, 'violence', 'cruel'),
(974, 'violence', 'ferocious'),
(975, 'violence', 'homicidal'),
(976, 'violence', 'sanguinary'),
(977, 'violence', 'savage'),
(978, 'violence', 'slaughterous'),
(979, 'violence', 'blustery'),
(980, 'violence', 'gusting'),
(981, 'violence', 'gusty'),
(982, 'violence', 'howling'),
(983, 'violence', 'inclement'),
(984, 'violence', 'raging'),
(985, 'violence', 'roaring'),
(986, 'violence', 'rough'),
(987, 'violence', 'tempestuous'),
(988, 'violence', 'turbulent'),
(989, 'violence', 'coercive'),
(990, 'violence', 'bullying'),
(991, 'violence', 'forced'),
(992, 'violence', 'forceful'),
(993, 'violence', 'intimidating'),
(994, 'violence', 'deadliest'),
(995, 'violence', 'baleful'),
(996, 'violence', 'baneful'),
(997, 'violence', 'bloodthirsty'),
(998, 'violence', 'bloody'),
(999, 'violence', 'cannibalistic'),
(1000, 'violence', 'carcinogenic'),
(1001, 'violence', 'cruel'),
(1002, 'violence', 'dangerous'),
(1003, 'violence', 'death-dealing'),
(1004, 'violence', 'deathly'),
(1005, 'violence', 'deleterious'),
(1006, 'violence', 'destroying'),
(1007, 'violence', 'destructive'),
(1008, 'violence', 'fatal'),
(1009, 'violence', 'grim'),
(1010, 'violence', 'harmful'),
(1011, 'violence', 'homicidal'),
(1012, 'violence', 'injurious'),
(1013, 'violence', 'internecine'),
(1014, 'violence', 'killing'),
(1015, 'violence', 'lethal'),
(1016, 'violence', 'malignant'),
(1017, 'violence', 'mortal'),
(1018, 'violence', 'mortiferous'),
(1019, 'violence', 'murderous'),
(1020, 'violence', 'noxious'),
(1021, 'violence', 'pernicious'),
(1022, 'violence', 'pestiferous'),
(1023, 'violence', 'pestilent'),
(1024, 'violence', 'pestilential'),
(1025, 'violence', 'poisonous'),
(1026, 'violence', 'ruthless'),
(1027, 'violence', 'savage'),
(1028, 'violence', 'slaying'),
(1029, 'violence', 'suicidal'),
(1030, 'violence', 'toxic'),
(1031, 'violence', 'unrelenting'),
(1032, 'violence', 'venomous'),
(1033, 'violence', 'demonic'),
(1034, 'violence', 'aroused'),
(1035, 'violence', 'bad'),
(1036, 'violence', 'crazed'),
(1037, 'violence', 'demoniac'),
(1038, 'violence', 'demoniacal'),
(1039, 'violence', 'devilish'),
(1040, 'violence', 'diabolic'),
(1041, 'violence', 'diabolical'),
(1042, 'violence', 'fiendish'),
(1043, 'violence', 'fired'),
(1044, 'violence', 'frantic'),
(1045, 'violence', 'frenetic'),
(1046, 'violence', 'frenzied'),
(1047, 'violence', 'hellish'),
(1048, 'violence', 'impious'),
(1049, 'violence', 'infernal'),
(1050, 'violence', 'insane'),
(1051, 'violence', 'inspired'),
(1052, 'violence', 'mad'),
(1053, 'violence', 'maniacal'),
(1054, 'violence', 'manic'),
(1055, 'violence', 'possessed'),
(1056, 'violence', 'satanic'),
(1057, 'violence', 'serpentine'),
(1058, 'violence', 'unhallowed'),
(1059, 'violence', 'agitable'),
(1060, 'violence', 'alarmable'),
(1061, 'violence', 'demonstrative'),
(1062, 'violence', 'edgy'),
(1063, 'violence', 'emotional'),
(1064, 'violence', 'enthusiastic'),
(1065, 'violence', 'fidgety'),
(1066, 'violence', 'fierce'),
(1067, 'violence', 'fiery'),
(1068, 'violence', 'galvanic'),
(1069, 'violence', 'hasty'),
(1070, 'violence', 'high-strung'),
(1071, 'violence', 'hot-headed'),
(1072, 'violence', 'hot-tempered'),
(1073, 'violence', 'hysterical'),
(1074, 'violence', 'impatient'),
(1075, 'violence', 'impetuous'),
(1076, 'violence', 'impulsive'),
(1077, 'violence', 'inflammable'),
(1078, 'violence', 'intolerant'),
(1079, 'violence', 'irascible'),
(1080, 'violence', 'mercurial'),
(1081, 'violence', 'moody'),
(1082, 'violence', 'nervous'),
(1083, 'violence', 'neurotic'),
(1084, 'violence', 'overzealous'),
(1085, 'violence', 'peevish'),
(1086, 'violence', 'quick'),
(1087, 'violence', 'quick-tempered'),
(1088, 'violence', 'rash'),
(1089, 'violence', 'reckless'),
(1090, 'violence', 'restless'),
(1091, 'violence', 'short fused'),
(1092, 'violence', 'skittish'),
(1093, 'violence', 'susceptible'),
(1094, 'violence', 'temperamental'),
(1095, 'violence', 'testy'),
(1096, 'violence', 'touchy'),
(1097, 'violence', 'uneasy'),
(1098, 'violence', 'vehement'),
(1099, 'violence', 'agonizing'),
(1100, 'violence', 'burning'),
(1101, 'violence', 'chastening'),
(1102, 'violence', 'exquisite'),
(1103, 'violence', 'grueling'),
(1104, 'violence', 'harrowing'),
(1105, 'violence', 'insufferable'),
(1106, 'violence', 'intense'),
(1107, 'violence', 'piercing'),
(1108, 'violence', 'rending'),
(1109, 'violence', 'searing'),
(1110, 'violence', 'severe'),
(1111, 'violence', 'sharp'),
(1112, 'violence', 'shooting'),
(1113, 'violence', 'stabbing'),
(1114, 'violence', 'tearing'),
(1115, 'violence', 'tormenting'),
(1116, 'violence', 'torturesome'),
(1117, 'violence', 'torturing'),
(1118, 'violence', 'unbearable'),
(1119, 'violence', 'unendurable'),
(1120, 'violence', 'excruciating'),
(1121, 'violence', 'explosive'),
(1122, 'violence', 'at the boiling point'),
(1123, 'violence', 'bursting'),
(1124, 'violence', 'charged'),
(1125, 'violence', 'consequential'),
(1126, 'violence', 'convulsive'),
(1127, 'violence', 'detonating'),
(1128, 'violence', 'detonative'),
(1129, 'violence', 'ebullient'),
(1130, 'violence', 'eruptive'),
(1131, 'violence', 'fiery'),
(1132, 'violence', 'forceful'),
(1133, 'violence', 'frenzied'),
(1134, 'violence', 'fulminant'),
(1135, 'violence', 'fulminating'),
(1136, 'violence', 'hazardous'),
(1137, 'violence', 'impetuous'),
(1138, 'violence', 'meteoric'),
(1139, 'violence', 'overwrought'),
(1140, 'violence', 'perilous'),
(1141, 'violence', 'raging'),
(1142, 'violence', 'rampant'),
(1143, 'violence', 'stormy'),
(1144, 'violence', 'tense'),
(1145, 'violence', 'touchy'),
(1146, 'violence', 'ugly'),
(1147, 'violence', 'uncontrollable'),
(1148, 'violence', 'unstable'),
(1149, 'violence', 'vehement'),
(1150, 'violence', 'fanatical'),
(1151, 'violence', 'biased'),
(1152, 'violence', 'bigoted'),
(1153, 'violence', 'bugged'),
(1154, 'violence', 'burning'),
(1155, 'violence', 'contumacious'),
(1156, 'violence', 'credulous'),
(1157, 'violence', 'devoted'),
(1158, 'violence', 'dogmatic'),
(1159, 'violence', 'domineering'),
(1160, 'violence', 'enthusiastic'),
(1161, 'violence', 'erratic'),
(1162, 'violence', 'extreme'),
(1163, 'violence', 'fervent'),
(1164, 'violence', 'feverish'),
(1165, 'violence', 'fiery'),
(1166, 'violence', 'frenzied'),
(1167, 'violence', 'headstrong'),
(1168, 'violence', 'high on'),
(1169, 'violence', 'immoderate'),
(1170, 'violence', 'impassioned'),
(1171, 'violence', 'impulsive'),
(1172, 'violence', 'incorrigible'),
(1173, 'violence', 'infatuated'),
(1174, 'violence', 'mad'),
(1175, 'violence', 'monomaniacal'),
(1176, 'violence', 'narrow-minded'),
(1177, 'violence', 'nuts for'),
(1178, 'violence', 'obsessed'),
(1179, 'violence', 'obsessive'),
(1180, 'violence', 'obstinate'),
(1181, 'violence', 'opinionated'),
(1182, 'violence', 'partial'),
(1183, 'violence', 'partisan'),
(1184, 'violence', 'passionate'),
(1185, 'violence', 'possessed'),
(1186, 'violence', 'prejudiced'),
(1187, 'violence', 'rabid'),
(1188, 'violence', 'radical'),
(1189, 'violence', 'raving'),
(1190, 'violence', 'single-minded'),
(1191, 'violence', 'stubborn'),
(1192, 'violence', 'turned on'),
(1193, 'violence', 'unruly'),
(1194, 'violence', 'violent'),
(1195, 'violence', 'visionary'),
(1196, 'violence', 'wild'),
(1197, 'violence', 'willful'),
(1198, 'violence', 'zealous'),
(1199, 'violence', 'fiery'),
(1200, 'violence', 'ablaze'),
(1201, 'violence', 'afire'),
(1202, 'violence', 'aflame'),
(1203, 'violence', 'agitable'),
(1204, 'violence', 'alight'),
(1205, 'violence', 'blazing'),
(1206, 'violence', 'burning'),
(1207, 'violence', 'choleric'),
(1208, 'violence', 'combustible'),
(1209, 'violence', 'conflagrant'),
(1210, 'violence', 'enthusiastic'),
(1211, 'violence', 'excitable'),
(1212, 'violence', 'febrile'),
(1213, 'violence', 'fervid'),
(1214, 'violence', 'fevered'),
(1215, 'violence', 'feverish'),
(1216, 'violence', 'fierce'),
(1217, 'violence', 'flaming'),
(1218, 'violence', 'flaring'),
(1219, 'violence', 'flickering'),
(1220, 'violence', 'flushed'),
(1221, 'violence', 'glowing'),
(1222, 'violence', 'heated'),
(1223, 'violence', 'hot'),
(1224, 'violence', 'hot-blooded'),
(1225, 'violence', 'hot-headed'),
(1226, 'violence', 'hot-tempered'),
(1227, 'violence', 'igneous'),
(1228, 'violence', 'ignited'),
(1229, 'violence', 'impassioned'),
(1230, 'violence', 'impetuous'),
(1231, 'violence', 'impulsive'),
(1232, 'violence', 'in flames'),
(1233, 'violence', 'inflamed'),
(1234, 'violence', 'intense'),
(1235, 'violence', 'irascible'),
(1236, 'violence', 'irritable'),
(1237, 'violence', 'madcap'),
(1238, 'violence', 'peppery'),
(1239, 'violence', 'perfervid'),
(1240, 'violence', 'precipitate'),
(1241, 'violence', 'red-hot'),
(1242, 'violence', 'spirited'),
(1243, 'violence', 'unrestrained'),
(1244, 'violence', 'vehement'),
(1245, 'violence', 'forcible'),
(1246, 'violence', 'assertive'),
(1247, 'violence', 'coercive'),
(1248, 'violence', 'cogent'),
(1249, 'violence', 'compelling'),
(1250, 'violence', 'compulsory'),
(1251, 'violence', 'drastic'),
(1252, 'violence', 'effective'),
(1253, 'violence', 'efficient'),
(1254, 'violence', 'energetic'),
(1255, 'violence', 'forceful'),
(1256, 'violence', 'impressive'),
(1257, 'violence', 'intense'),
(1258, 'violence', 'mighty'),
(1259, 'violence', 'militant'),
(1260, 'violence', 'persuasive'),
(1261, 'violence', 'potent'),
(1262, 'violence', 'puissant'),
(1263, 'violence', 'strong'),
(1264, 'violence', 'telling'),
(1265, 'violence', 'valid'),
(1266, 'violence', 'vehement'),
(1267, 'violence', 'vigorous'),
(1268, 'violence', 'violent'),
(1269, 'violence', 'weighty'),
(1270, 'violence', 'frantic'),
(1271, 'violence', 'agitated'),
(1272, 'violence', 'angry'),
(1273, 'violence', 'at wits'' end'),
(1274, 'violence', 'berserk'),
(1275, 'violence', 'beside oneself'),
(1276, 'violence', 'corybantic'),
(1277, 'violence', 'crazy'),
(1278, 'violence', 'delirious'),
(1279, 'violence', 'deranged'),
(1280, 'violence', 'distraught'),
(1281, 'violence', 'excited'),
(1282, 'violence', 'flipped out'),
(1283, 'violence', 'fraught'),
(1284, 'violence', 'freaked out'),
(1285, 'violence', 'frenetic'),
(1286, 'violence', 'frenzied'),
(1287, 'violence', 'furious'),
(1288, 'violence', 'hectic'),
(1289, 'violence', 'hot and bothered'),
(1290, 'violence', 'hot under the collar'),
(1291, 'violence', 'hyper'),
(1292, 'violence', 'in a stew'),
(1293, 'violence', 'in a tizzy'),
(1294, 'violence', 'insane'),
(1295, 'violence', 'keyed up'),
(1296, 'violence', 'mad'),
(1297, 'violence', 'out of control'),
(1298, 'violence', 'overwrought'),
(1299, 'violence', 'rabid'),
(1300, 'violence', 'raging'),
(1301, 'violence', 'raving'),
(1302, 'violence', 'shook up'),
(1303, 'violence', 'spazzed out'),
(1304, 'violence', 'unglued'),
(1305, 'violence', 'unscrewed'),
(1306, 'violence', 'unzipped'),
(1307, 'violence', 'violent'),
(1308, 'violence', 'weird'),
(1309, 'violence', 'weirded out'),
(1310, 'violence', 'wigged out'),
(1311, 'violence', 'wild'),
(1312, 'violence', 'wired'),
(1313, 'violence', 'worked up'),
(1314, 'violence', 'zonkers'),
(1315, 'violence', 'furious'),
(1316, 'violence', 'agitated'),
(1317, 'violence', 'blustering'),
(1318, 'violence', 'blustery'),
(1319, 'violence', 'boisterous'),
(1320, 'violence', 'concentrated'),
(1321, 'violence', 'excessive'),
(1322, 'violence', 'exquisite'),
(1323, 'violence', 'extreme'),
(1324, 'violence', 'fierce'),
(1325, 'violence', 'flaming'),
(1326, 'violence', 'impetuous'),
(1327, 'violence', 'intense'),
(1328, 'violence', 'intensified'),
(1329, 'violence', 'raging'),
(1330, 'violence', 'rampageous'),
(1331, 'violence', 'rough'),
(1332, 'violence', 'savage'),
(1333, 'violence', 'tempestuous'),
(1334, 'violence', 'terrible'),
(1335, 'violence', 'tumultous/tumultuous'),
(1336, 'violence', 'ungovernable'),
(1337, 'violence', 'unrestrained'),
(1338, 'violence', 'vehement'),
(1339, 'violence', 'vicious'),
(1340, 'violence', 'acrimonious'),
(1341, 'violence', 'ardent'),
(1342, 'violence', 'avid'),
(1343, 'violence', 'bitter'),
(1344, 'violence', 'excited'),
(1345, 'violence', 'fervent'),
(1346, 'violence', 'fervid'),
(1347, 'violence', 'feverish'),
(1348, 'violence', 'fierce'),
(1349, 'violence', 'fiery'),
(1350, 'violence', 'frenzied'),
(1351, 'violence', 'furious'),
(1352, 'violence', 'hectic'),
(1353, 'violence', 'impassioned'),
(1354, 'violence', 'indignant'),
(1355, 'violence', 'intense'),
(1356, 'violence', 'irate'),
(1357, 'violence', 'ireful'),
(1358, 'violence', 'mad'),
(1359, 'violence', 'passionate'),
(1360, 'violence', 'raging'),
(1361, 'violence', 'stormy'),
(1362, 'violence', 'tempestuous'),
(1363, 'violence', 'vehement'),
(1364, 'violence', 'wrathful'),
(1365, 'violence', 'vexatious'),
(1366, 'violence', 'turbulent'),
(1367, 'violence', 'wearisome'),
(1368, 'violence', 'boisterous'),
(1369, 'violence', 'tempestuous'),
(1370, 'violence', 'hard'),
(1371, 'violence', 'harsh'),
(1372, 'violence', 'intolerable'),
(1373, 'violence', 'knotty'),
(1374, 'violence', 'labored'),
(1375, 'violence', 'laborious'),
(1376, 'violence', 'onerous'),
(1377, 'violence', 'oppressive'),
(1378, 'violence', 'ill-tempered'),
(1379, 'violence', 'ardent'),
(1380, 'violence', 'stormy'),
(1381, 'violence', 'hysterical'),
(1382, 'violence', 'agitated'),
(1383, 'violence', 'berserk'),
(1384, 'violence', 'beside oneself'),
(1385, 'violence', 'blazing'),
(1386, 'violence', 'carried away'),
(1387, 'violence', 'convulsive'),
(1388, 'violence', 'crazed'),
(1389, 'violence', 'crazy'),
(1390, 'violence', 'delirious'),
(1391, 'violence', 'distracted'),
(1392, 'violence', 'distraught'),
(1393, 'violence', 'emotional'),
(1394, 'violence', 'fiery'),
(1395, 'violence', 'frantic'),
(1396, 'violence', 'frenzied'),
(1397, 'violence', 'fuming'),
(1398, 'violence', 'furious'),
(1399, 'violence', 'impassioned'),
(1400, 'violence', 'impetuous'),
(1401, 'violence', 'in a fit'),
(1402, 'violence', 'incensed'),
(1403, 'violence', 'irrepressible'),
(1404, 'violence', 'mad'),
(1405, 'violence', 'maddened'),
(1406, 'violence', 'nervous'),
(1407, 'violence', 'neurotic'),
(1408, 'violence', 'overwrought'),
(1409, 'violence', 'panic-stricken'),
(1410, 'violence', 'passionate'),
(1411, 'violence', 'possessed'),
(1412, 'violence', 'rabid'),
(1413, 'violence', 'raging'),
(1414, 'violence', 'rampant'),
(1415, 'violence', 'raving'),
(1416, 'violence', 'seething'),
(1417, 'violence', 'spasmodic'),
(1418, 'violence', 'tempestuous'),
(1419, 'violence', 'turbulent'),
(1420, 'violence', 'uncontrollable'),
(1421, 'violence', 'uncontrolled'),
(1422, 'violence', 'unnerved'),
(1423, 'violence', 'unrestrained'),
(1424, 'violence', 'uproarious'),
(1425, 'violence', 'vehement'),
(1426, 'violence', 'intolerant'),
(1427, 'violence', 'inclement'),
(1428, 'violence', 'indocile'),
(1429, 'violence', 'bawdy'),
(1430, 'violence', 'disorderly'),
(1431, 'violence', 'drunken'),
(1432, 'violence', 'forward'),
(1433, 'violence', 'fractious'),
(1434, 'violence', 'headstrong'),
(1435, 'violence', 'heedless'),
(1436, 'violence', 'impervious'),
(1437, 'violence', 'impetuous'),
(1438, 'violence', 'imprudent'),
(1439, 'violence', 'impulsive'),
(1440, 'violence', 'incorrigible'),
(1441, 'violence', 'inexorable'),
(1442, 'violence', 'insubordinate'),
(1443, 'violence', 'intemperate'),
(1444, 'violence', 'intractable'),
(1445, 'violence', 'lawless'),
(1446, 'violence', 'mean'),
(1447, 'violence', 'mutinous'),
(1448, 'violence', 'obstinate'),
(1449, 'violence', 'obstreperous'),
(1450, 'violence', 'opinionated'),
(1451, 'violence', 'ornery'),
(1452, 'violence', 'out of control'),
(1453, 'violence', 'out of line'),
(1454, 'violence', 'perverse'),
(1455, 'violence', 'quarrelsome'),
(1456, 'violence', 'rash'),
(1457, 'violence', 'rebellious'),
(1458, 'violence', 'recalcitrant'),
(1459, 'violence', 'reckless'),
(1460, 'violence', 'refractory'),
(1461, 'violence', 'restive'),
(1462, 'violence', 'riotous'),
(1463, 'violence', 'rowdy'),
(1464, 'violence', 'turbulent'),
(1465, 'violence', 'uncontrollable'),
(1466, 'violence', 'undisciplined'),
(1467, 'violence', 'ungovernable'),
(1468, 'violence', 'unmanageable'),
(1469, 'violence', 'untoward'),
(1470, 'violence', 'unyielding'),
(1471, 'violence', 'violent'),
(1472, 'violence', 'wayward'),
(1473, 'violence', 'fuming'),
(1474, 'violence', 'ireful'),
(1475, 'violence', 'on the warpath'),
(1476, 'violence', 'maniac'),
(1477, 'violence', 'on the warpath'),
(1478, 'violence', 'rabid'),
(1479, 'violence', 'rage'),
(1480, 'violence', 'raging'),
(1481, 'violence', 'smoking'),
(1482, 'violence', 'steamed'),
(1483, 'violence', 'unreasonable'),
(1484, 'violence', 'up in arms'),
(1485, 'violence', 'vehement'),
(1486, 'violence', 'vicious'),
(1487, 'violence', 'browned off'),
(1488, 'violence', 'bummed out'),
(1489, 'violence', 'corybantic'),
(1490, 'violence', 'crazed'),
(1491, 'violence', 'demented'),
(1492, 'violence', 'desperate'),
(1493, 'violence', 'enraged'),
(1494, 'violence', 'fierce'),
(1495, 'violence', 'fit to be tied'),
(1496, 'violence', 'foaming at the mouth'),
(1497, 'violence', 'contumacious'),
(1498, 'violence', 'anarchic'),
(1499, 'violence', 'anarchical'),
(1500, 'violence', 'anarchistic'),
(1501, 'violence', 'bad'),
(1502, 'violence', 'barbarous'),
(1503, 'violence', 'chaotic'),
(1504, 'violence', 'criminal'),
(1505, 'violence', 'despotic'),
(1506, 'violence', 'disobedient'),
(1507, 'violence', 'disordered'),
(1508, 'violence', 'disorderly'),
(1509, 'violence', 'evil'),
(1510, 'violence', 'fierce'),
(1511, 'violence', 'heterodox'),
(1512, 'violence', 'infringing'),
(1513, 'violence', 'insubordinate'),
(1514, 'violence', 'insurgent'),
(1515, 'violence', 'mutinous'),
(1516, 'violence', 'nihilistic'),
(1517, 'violence', 'noncompliant'),
(1518, 'violence', 'nonconformist'),
(1519, 'violence', 'piratical'),
(1520, 'violence', 'rebellious'),
(1521, 'violence', 'recusant'),
(1522, 'violence', 'revolutionary'),
(1523, 'violence', 'riotous'),
(1524, 'violence', 'savage'),
(1525, 'violence', 'seditious'),
(1526, 'violence', 'tempestuous'),
(1527, 'violence', 'terrorizing'),
(1528, 'violence', 'traitorous'),
(1529, 'violence', 'turbulent'),
(1530, 'violence', 'tyrannous'),
(1531, 'violence', 'uncivilized'),
(1532, 'violence', 'uncultivated'),
(1533, 'violence', 'unorthodox'),
(1534, 'violence', 'unpeaceful'),
(1535, 'violence', 'unrestrained'),
(1536, 'violence', 'unruly'),
(1537, 'violence', 'untamed'),
(1538, 'threat', 'threateningly'),
(1539, 'threat', 'threateners'),
(1540, 'threat', 'threatening'),
(1541, 'threat', 'threatener'),
(1542, 'threat', 'threatened'),
(1543, 'threat', 'threating'),
(1544, 'threat', 'threatens'),
(1545, 'threat', 'threaten'),
(1546, 'threat', 'threated'),
(1547, 'threat', 'threats'),
(1548, 'threat', 'counterthreat'),
(1549, 'threat', 'blackmail'),
(1550, 'threat', 'hazard'),
(1551, 'threat', 'intimidation'),
(1552, 'threat', 'menace'),
(1553, 'threat', 'peril'),
(1554, 'threat', 'risk'),
(1555, 'threat', 'bluff'),
(1556, 'threat', 'commination'),
(1557, 'threat', 'fix'),
(1558, 'threat', 'foreboding'),
(1559, 'threat', 'foreshadowing'),
(1560, 'threat', 'fulmination'),
(1561, 'threat', 'impendence'),
(1562, 'threat', 'omen'),
(1563, 'threat', 'portent'),
(1564, 'threat', 'presage'),
(1565, 'threat', 'thunder'),
(1566, 'threat', 'writing on the wall'),
(1567, 'threat', 'bugbear'),
(1568, 'threat', 'apprehension'),
(1569, 'threat', 'bete noire'),
(1570, 'threat', 'bogey'),
(1571, 'threat', 'bogy'),
(1572, 'threat', 'boogeyman'),
(1573, 'threat', 'bugaboo'),
(1574, 'threat', 'dread'),
(1575, 'threat', 'fear'),
(1576, 'threat', 'goblin'),
(1577, 'threat', 'gremlin'),
(1578, 'threat', 'hobgoblin'),
(1579, 'threat', 'loup-garou'),
(1580, 'threat', 'ogre'),
(1581, 'threat', 'problem'),
(1582, 'threat', 'scare'),
(1583, 'threat', 'specter'),
(1584, 'threat', 'terror'),
(1585, 'threat', 'threat'),
(1586, 'threat', 'wraith'),
(1587, 'threat', 'dare'),
(1588, 'threat', 'defiance'),
(1589, 'threat', 'demanding'),
(1590, 'threat', 'demur'),
(1591, 'threat', 'ultimatum'),
(1592, 'threat', 'remonstrance'),
(1593, 'threat', 'summons to contest'),
(1594, 'threat', 'coercion'),
(1595, 'threat', 'browbeating'),
(1596, 'threat', 'bullying'),
(1597, 'threat', 'constraint'),
(1598, 'threat', 'duress'),
(1599, 'threat', 'force'),
(1600, 'threat', 'intimidation'),
(1601, 'threat', 'menace'),
(1602, 'threat', 'menacing'),
(1603, 'threat', 'persuasion'),
(1604, 'threat', 'restraint'),
(1605, 'threat', 'strong-arm tactic'),
(1606, 'threat', 'threat'),
(1607, 'threat', 'threatening'),
(1608, 'threat', 'crisis'),
(1609, 'threat', 'double trouble'),
(1610, 'threat', 'dynamite'),
(1611, 'threat', 'emergency'),
(1612, 'threat', 'endangerment'),
(1613, 'threat', 'exigency'),
(1614, 'threat', 'exposure'),
(1615, 'threat', 'hot potato'),
(1616, 'threat', 'insecurity'),
(1617, 'threat', 'instability'),
(1618, 'threat', 'jeopardy'),
(1619, 'threat', 'menace'),
(1620, 'threat', 'peril'),
(1621, 'threat', 'pitfall'),
(1622, 'threat', 'possibility'),
(1623, 'threat', 'precariousness'),
(1624, 'threat', 'precipice'),
(1625, 'threat', 'probability'),
(1626, 'threat', 'risk'),
(1627, 'threat', 'risky business'),
(1628, 'threat', 'slipperiness'),
(1629, 'threat', 'storm'),
(1630, 'threat', 'thin ice'),
(1631, 'threat', 'uncertainty'),
(1632, 'threat', 'venture'),
(1633, 'threat', 'vulnerability'),
(1634, 'threat', 'danger'),
(1635, 'threat', 'endangerment'),
(1636, 'threat', 'hazard'),
(1637, 'threat', 'imperilment'),
(1638, 'threat', 'jeopardy'),
(1639, 'threat', 'peril'),
(1640, 'threat', 'pitfall'),
(1641, 'threat', 'risk'),
(1642, 'threat', 'fearfulness'),
(1643, 'threat', 'affright'),
(1644, 'threat', 'alarm'),
(1645, 'threat', 'angst'),
(1646, 'threat', 'apprehension'),
(1647, 'threat', 'concern'),
(1648, 'threat', 'distress'),
(1649, 'threat', 'dread'),
(1650, 'threat', 'fright'),
(1651, 'threat', 'horror'),
(1652, 'threat', 'panic'),
(1653, 'threat', 'perturbation'),
(1654, 'threat', 'terror'),
(1655, 'threat', 'trepidation'),
(1656, 'threat', 'uneasiness'),
(1657, 'threat', 'worry'),
(1658, 'threat', 'fighting words'),
(1659, 'threat', 'taunt'),
(1660, 'threat', 'terms of disparagement'),
(1661, 'threat', 'double trouble'),
(1662, 'threat', 'dynamite'),
(1663, 'threat', 'endangerment'),
(1664, 'threat', 'hot potato'),
(1665, 'threat', 'imperilment'),
(1666, 'threat', 'jeopardy'),
(1667, 'threat', 'peril'),
(1668, 'threat', 'risky business'),
(1669, 'threat', 'imperilment'),
(1670, 'threat', 'dynamite'),
(1671, 'threat', 'emergency'),
(1672, 'threat', 'endangerment'),
(1673, 'threat', 'exigency'),
(1674, 'threat', 'exposure'),
(1675, 'threat', 'hazard'),
(1676, 'threat', 'hot potato'),
(1677, 'threat', 'insecurity'),
(1678, 'threat', 'instability'),
(1679, 'threat', 'jeopardy'),
(1680, 'threat', 'menace'),
(1681, 'threat', 'peril'),
(1682, 'threat', 'pitfall'),
(1683, 'threat', 'possibility'),
(1684, 'threat', 'precariousness'),
(1685, 'threat', 'precipice'),
(1686, 'threat', 'menace'),
(1687, 'threat', 'annoyance'),
(1688, 'threat', 'caution'),
(1689, 'threat', 'commination'),
(1690, 'threat', 'hazard'),
(1691, 'threat', 'intimidation'),
(1692, 'threat', 'jeopardy'),
(1693, 'threat', 'nuisance'),
(1694, 'threat', 'peril'),
(1695, 'threat', 'plague'),
(1696, 'threat', 'risk'),
(1697, 'threat', 'scare'),
(1698, 'threat', 'threat'),
(1699, 'threat', 'thunder'),
(1700, 'threat', 'trouble'),
(1701, 'threat', 'troublemaker'),
(1702, 'threat', 'warning'),
(1703, 'threat', 'portent'),
(1704, 'threat', 'augury'),
(1705, 'threat', 'bodement'),
(1706, 'threat', 'boding'),
(1707, 'threat', 'caution'),
(1708, 'threat', 'clue'),
(1709, 'threat', 'foreboding'),
(1710, 'threat', 'foreshadowing'),
(1711, 'threat', 'foretoken'),
(1712, 'threat', 'funny feeling'),
(1713, 'threat', 'handwriting on the wall'),
(1714, 'threat', 'harbinger'),
(1715, 'threat', 'hunch'),
(1716, 'threat', 'omen'),
(1717, 'threat', 'premonition'),
(1718, 'threat', 'presage'),
(1719, 'threat', 'presentiment'),
(1720, 'threat', 'prognostic'),
(1721, 'threat', 'prognostication'),
(1722, 'threat', 'sign'),
(1723, 'threat', 'sinking feeling'),
(1724, 'threat', 'scare tactics'),
(1725, 'threat', 'ambush'),
(1726, 'threat', 'arm-twisting'),
(1727, 'threat', 'bullying'),
(1728, 'threat', 'coercion'),
(1729, 'threat', 'duress'),
(1730, 'threat', 'force'),
(1731, 'threat', 'intimidation'),
(1732, 'threat', 'persuasion'),
(1733, 'threat', 'pressure'),
(1734, 'threat', 'reign of terror'),
(1735, 'threat', 'strong-arm tactics'),
(1736, 'threat', 'terrorism'),
(1737, 'threat', 'terrorization'),
(1738, 'threat', 'forewarning'),
(1739, 'threat', 'warning'),
(1740, 'threat', 'admonition'),
(1741, 'threat', 'advice'),
(1742, 'threat', 'alarm'),
(1743, 'threat', 'alert'),
(1744, 'threat', 'augury'),
(1745, 'threat', 'caution'),
(1746, 'threat', 'caveat'),
(1747, 'threat', 'distress signal'),
(1748, 'threat', 'example'),
(1749, 'threat', 'exhortation'),
(1750, 'threat', 'fore'),
(1751, 'threat', 'foretoken'),
(1752, 'threat', 'forewarning'),
(1753, 'threat', 'guidance'),
(1754, 'threat', 'handwriting on wall'),
(1755, 'threat', 'heads up'),
(1756, 'threat', 'hint'),
(1757, 'threat', 'indication'),
(1758, 'threat', 'information'),
(1759, 'threat', 'injunction'),
(1760, 'threat', 'intimation'),
(1761, 'threat', 'lesson'),
(1762, 'threat', 'look out'),
(1763, 'threat', 'notification'),
(1764, 'threat', 'omen'),
(1765, 'threat', 'portent'),
(1766, 'threat', 'prediction'),
(1767, 'threat', 'premonition'),
(1768, 'threat', 'presage'),
(1769, 'threat', 'intimidate'),
(1770, 'threat', 'menace'),
(1771, 'threat', 'scare'),
(1772, 'threat', 'abuse'),
(1773, 'threat', 'admonish'),
(1774, 'threat', 'augur'),
(1775, 'threat', 'blackmail'),
(1776, 'threat', 'bluster'),
(1777, 'threat', 'browbeat'),
(1778, 'threat', 'bully'),
(1779, 'threat', 'caution'),
(1780, 'threat', 'comminate'),
(1781, 'threat', 'cow'),
(1782, 'threat', 'enforce'),
(1783, 'threat', 'forebode'),
(1784, 'threat', 'forewarn'),
(1785, 'threat', 'fulminate');
INSERT INTO `email_admin_spammodel` (`id`, `spam_category`, `spam_list`) VALUES
(1786, 'threat', 'growl'),
(1787, 'threat', 'portend'),
(1788, 'threat', 'presage'),
(1789, 'threat', 'pressurize'),
(1790, 'threat', 'scowl'),
(1791, 'threat', 'snarl'),
(1792, 'threat', 'spook'),
(1793, 'threat', 'terrorize'),
(1794, 'threat', 'torment'),
(1795, 'threat', 'flex muscles'),
(1796, 'threat', 'look daggers'),
(1797, 'threat', 'make threat'),
(1798, 'threat', 'push around'),
(1799, 'threat', 'shake fist at'),
(1800, 'threat', 'walk heavy'),
(1801, 'threat', 'force'),
(1802, 'threat', 'influence'),
(1803, 'threat', 'intimidate'),
(1804, 'threat', 'pressure'),
(1805, 'threat', 'blackjack'),
(1806, 'threat', 'blackmail'),
(1807, 'threat', 'badger'),
(1808, 'threat', 'bleed'),
(1809, 'threat', 'coerce'),
(1810, 'threat', 'compel'),
(1811, 'threat', 'demand'),
(1812, 'threat', 'exact'),
(1813, 'threat', 'extort'),
(1814, 'threat', 'force'),
(1815, 'threat', 'hold to ransom'),
(1816, 'threat', 'milk'),
(1817, 'threat', 'put the shake on'),
(1818, 'threat', 'ransom'),
(1819, 'threat', 'shake'),
(1820, 'threat', 'shake down'),
(1821, 'threat', 'squeeze'),
(1822, 'threat', 'browbeaten'),
(1823, 'threat', 'bludgeon'),
(1824, 'threat', 'bluster'),
(1825, 'threat', 'bulldoze'),
(1826, 'threat', 'bully'),
(1827, 'threat', 'coerce'),
(1828, 'threat', 'cow'),
(1829, 'threat', 'despotize'),
(1830, 'threat', 'domineer'),
(1831, 'threat', 'dragoon'),
(1832, 'threat', 'frighten'),
(1833, 'threat', 'harass'),
(1834, 'threat', 'hector'),
(1835, 'threat', 'intimidate'),
(1836, 'threat', 'lean on'),
(1837, 'threat', 'lord it over'),
(1838, 'threat', 'oppress'),
(1839, 'threat', 'overawe'),
(1840, 'threat', 'overbear'),
(1841, 'threat', 'put heat on'),
(1842, 'threat', 'put the chill on'),
(1843, 'threat', 'put through the wringer'),
(1844, 'threat', 'threaten'),
(1845, 'threat', 'tyrannize'),
(1846, 'threat', 'bullied'),
(1847, 'threat', 'bludgeon'),
(1848, 'threat', 'bluster'),
(1849, 'threat', 'browbeat'),
(1850, 'threat', 'buffalo'),
(1851, 'threat', 'bulldoze'),
(1852, 'threat', 'coerce'),
(1853, 'threat', 'cow'),
(1854, 'threat', 'despotize'),
(1855, 'threat', 'domineer'),
(1856, 'threat', 'dragoon'),
(1857, 'threat', 'enforce'),
(1858, 'threat', 'harass'),
(1859, 'threat', 'persecute'),
(1860, 'threat', 'ride roughshod'),
(1861, 'threat', 'showboat'),
(1862, 'threat', 'swagger'),
(1863, 'threat', 'terrorize'),
(1864, 'threat', 'threaten'),
(1865, 'threat', 'torment'),
(1866, 'threat', 'torture'),
(1867, 'threat', 'turn on the heat'),
(1868, 'threat', 'tyrannize'),
(1869, 'threat', 'walk heavy'),
(1870, 'threat', 'bullyrag'),
(1871, 'threat', 'annoy'),
(1872, 'threat', 'antagonize'),
(1873, 'threat', 'badger'),
(1874, 'threat', 'bait'),
(1875, 'threat', 'browbeat'),
(1876, 'threat', 'bulldoze'),
(1877, 'threat', 'bully'),
(1878, 'threat', 'chivy'),
(1879, 'threat', 'coerce'),
(1880, 'threat', 'harass'),
(1881, 'threat', 'heckle'),
(1882, 'threat', 'hector'),
(1883, 'threat', 'hound'),
(1884, 'threat', 'menace'),
(1885, 'threat', 'mistreat'),
(1886, 'threat', 'taunt'),
(1887, 'threat', 'tease'),
(1888, 'threat', 'twist one''s arm'),
(1889, 'threat', 'denounce'),
(1890, 'threat', 'accuse'),
(1891, 'threat', 'adjudicate'),
(1892, 'threat', 'arraign'),
(1893, 'threat', 'blacklist'),
(1894, 'threat', 'blame'),
(1895, 'threat', 'boycott'),
(1896, 'threat', 'brand'),
(1897, 'threat', 'castigate'),
(1898, 'threat', 'censure'),
(1899, 'threat', 'charge'),
(1900, 'threat', 'charge with'),
(1901, 'threat', 'criticize'),
(1902, 'threat', 'damn'),
(1903, 'threat', 'declaim'),
(1904, 'threat', 'decry'),
(1905, 'threat', 'denunciate'),
(1906, 'threat', 'derogate'),
(1907, 'threat', 'dress down'),
(1908, 'threat', 'excoriate'),
(1909, 'threat', 'expose'),
(1910, 'threat', 'finger'),
(1911, 'threat', 'hang something on'),
(1912, 'threat', 'impeach'),
(1913, 'threat', 'implicate'),
(1914, 'threat', 'impugn'),
(1915, 'threat', 'incriminate'),
(1916, 'threat', 'indict'),
(1917, 'threat', 'inveigh against'),
(1918, 'threat', 'knock'),
(1919, 'threat', 'ostracize'),
(1920, 'threat', 'proscribe'),
(1921, 'threat', 'prosecute'),
(1922, 'threat', 'rap'),
(1923, 'threat', 'rat'),
(1924, 'threat', 'rebuke'),
(1925, 'threat', 'reprehend'),
(1926, 'threat', 'reprimand'),
(1927, 'threat', 'reproach'),
(1928, 'threat', 'reprobate'),
(1929, 'threat', 'reprove'),
(1930, 'threat', 'revile'),
(1931, 'threat', 'scold'),
(1932, 'threat', 'show up'),
(1933, 'threat', 'skin'),
(1934, 'threat', 'smear'),
(1935, 'threat', 'stigmatize'),
(1936, 'threat', 'take to task'),
(1937, 'threat', 'threaten'),
(1938, 'threat', 'upbraid'),
(1939, 'threat', 'vilify'),
(1940, 'threat', 'vituperate'),
(1941, 'threat', 'domineer'),
(1942, 'threat', 'be in the saddle'),
(1943, 'threat', 'bend'),
(1944, 'threat', 'bluster'),
(1945, 'threat', 'boss around'),
(1946, 'threat', 'browbeat'),
(1947, 'threat', 'bulldoze'),
(1948, 'threat', 'bully'),
(1949, 'threat', 'call the shots'),
(1950, 'threat', 'dominate'),
(1951, 'threat', 'hector'),
(1952, 'threat', 'henpeck'),
(1953, 'threat', 'in the driver''s seat'),
(1954, 'threat', 'intimidate'),
(1955, 'threat', 'keep under thumb'),
(1956, 'threat', 'kick around'),
(1957, 'threat', 'lead by the nose'),
(1958, 'threat', 'menace'),
(1959, 'threat', 'overbear'),
(1960, 'threat', 'predominate'),
(1961, 'threat', 'preponderate'),
(1962, 'threat', 'prevail'),
(1963, 'threat', 'push the buttons'),
(1964, 'threat', 'reign'),
(1965, 'threat', 'rule'),
(1966, 'threat', 'rule the roost'),
(1967, 'threat', 'run the show'),
(1968, 'threat', 'run things'),
(1969, 'threat', 'swagger'),
(1970, 'threat', 'threaten'),
(1971, 'threat', 'throw weight around'),
(1972, 'threat', 'tyrannize'),
(1973, 'threat', 'jeopardized'),
(1974, 'threat', 'gamble'),
(1975, 'threat', 'hazard'),
(1976, 'threat', 'imperil'),
(1977, 'threat', 'lay on the line'),
(1978, 'threat', 'peril'),
(1979, 'threat', 'put at risk'),
(1980, 'threat', 'put in danger'),
(1981, 'threat', 'put in jeopardy'),
(1982, 'threat', 'portend'),
(1983, 'threat', 'adumbrate'),
(1984, 'threat', 'augur'),
(1985, 'threat', 'be in the cards'),
(1986, 'threat', 'bespeak'),
(1987, 'threat', 'betoken'),
(1988, 'threat', 'bode'),
(1989, 'threat', 'call'),
(1990, 'threat', 'crystal-ball'),
(1991, 'threat', 'forebode'),
(1992, 'threat', 'forecast'),
(1993, 'threat', 'foreshow'),
(1994, 'threat', 'foretell'),
(1995, 'threat', 'foretoken'),
(1996, 'threat', 'forewarn'),
(1997, 'threat', 'harbinger'),
(1998, 'threat', 'have a hunch'),
(1999, 'threat', 'herald'),
(2000, 'threat', 'snarl'),
(2001, 'threat', 'abuse'),
(2002, 'threat', 'bark'),
(2003, 'threat', 'bluster'),
(2004, 'threat', 'bully'),
(2005, 'threat', 'complain'),
(2006, 'threat', 'fulminate'),
(2007, 'threat', 'gnarl'),
(2008, 'threat', 'gnash teeth'),
(2009, 'threat', 'growl'),
(2010, 'threat', 'mumble'),
(2011, 'threat', 'murmur'),
(2012, 'threat', 'mutter'),
(2013, 'threat', 'quarrel'),
(2014, 'threat', 'show teeth'),
(2015, 'crime', 'corrupt'),
(2016, 'crime', 'deplorable'),
(2017, 'crime', 'illegal'),
(2018, 'crime', 'illegitimate'),
(2019, 'crime', 'illicit'),
(2020, 'crime', 'immoral'),
(2021, 'crime', 'scandalous'),
(2022, 'crime', 'senseless'),
(2023, 'crime', 'unlawful'),
(2024, 'crime', 'vicious'),
(2025, 'crime', 'bent'),
(2026, 'crime', 'heavy'),
(2027, 'crime', 'racket'),
(2028, 'crime', 'wildcat'),
(2029, 'crime', 'wrong'),
(2030, 'crime', 'caught'),
(2031, 'crime', 'crooked'),
(2032, 'crime', 'culpable'),
(2033, 'crime', 'dirty'),
(2034, 'crime', 'hung up'),
(2035, 'crime', 'indictable'),
(2036, 'crime', 'iniquitous'),
(2037, 'crime', 'nefarious'),
(2038, 'crime', 'off base'),
(2039, 'crime', 'out of line'),
(2040, 'crime', 'peccant'),
(2041, 'crime', 'shady'),
(2042, 'crime', 'smoking gun'),
(2043, 'crime', 'unrighteous'),
(2044, 'crime', 'villainous'),
(2045, 'crime', 'wicked'),
(2046, 'crime', 'banned'),
(2047, 'crime', 'criminal'),
(2048, 'crime', 'illicit'),
(2049, 'crime', 'unconstitutional'),
(2050, 'crime', 'unlawful'),
(2051, 'crime', 'base'),
(2052, 'crime', 'corrupt'),
(2053, 'crime', 'criminal'),
(2054, 'crime', 'delinquent'),
(2055, 'crime', 'evil'),
(2056, 'crime', 'iniquitous'),
(2057, 'crime', 'mean'),
(2058, 'crime', 'reprobate'),
(2059, 'crime', 'sinful'),
(2060, 'crime', 'vicious'),
(2061, 'crime', 'vile'),
(2062, 'crime', 'villainous'),
(2063, 'crime', 'wicked'),
(2064, 'crime', 'wrong'),
(2065, 'crime', 'brigand'),
(2066, 'crime', 'criminal'),
(2067, 'crime', 'crook'),
(2068, 'crime', 'desperado'),
(2069, 'crime', 'forager'),
(2070, 'crime', 'gangster'),
(2071, 'crime', 'gunperson'),
(2072, 'crime', 'highwayperson'),
(2073, 'crime', 'hijacker'),
(2074, 'crime', 'holdup person'),
(2075, 'crime', 'hooligan'),
(2076, 'crime', 'marauder'),
(2077, 'crime', 'mobster'),
(2078, 'crime', 'outlaw'),
(2079, 'crime', 'pillager'),
(2080, 'crime', 'pirate'),
(2081, 'crime', 'plunderer'),
(2082, 'crime', 'racketeer'),
(2083, 'crime', 'raider'),
(2084, 'crime', 'ravager'),
(2085, 'crime', 'robber'),
(2086, 'crime', 'villain'),
(2087, 'crime', 'bandits'),
(2088, 'crime', 'barbarian'),
(2089, 'crime', 'beast'),
(2090, 'crime', 'bigot'),
(2091, 'crime', 'boor'),
(2092, 'crime', 'brute'),
(2093, 'crime', 'cannibal'),
(2094, 'crime', 'clod'),
(2095, 'crime', 'hooligan'),
(2096, 'crime', 'hun'),
(2097, 'crime', 'ignoramus'),
(2098, 'crime', 'lout'),
(2099, 'crime', 'monster'),
(2100, 'crime', 'philistine'),
(2101, 'crime', 'rascal'),
(2102, 'crime', 'ruffian'),
(2103, 'crime', 'troglodyte'),
(2104, 'crime', 'vandal'),
(2105, 'crime', 'crooked'),
(2106, 'crime', 'crafty'),
(2107, 'crime', 'criminal'),
(2108, 'crime', 'deceitful'),
(2109, 'crime', 'devious'),
(2110, 'crime', 'dishonest'),
(2111, 'crime', 'dishonorable'),
(2112, 'crime', 'double-dealing'),
(2113, 'crime', 'dubious'),
(2114, 'crime', 'fraudulent'),
(2115, 'crime', 'illegal'),
(2116, 'crime', 'indirect'),
(2117, 'crime', 'iniquitous'),
(2118, 'crime', 'lying'),
(2119, 'crime', 'nefarious'),
(2120, 'crime', 'questionable'),
(2121, 'crime', 'ruthless'),
(2122, 'crime', 'shady'),
(2123, 'crime', 'shifty'),
(2124, 'crime', 'suborned'),
(2125, 'crime', 'treacherous'),
(2126, 'crime', 'underhand'),
(2127, 'crime', 'unlawful'),
(2128, 'crime', 'unprincipled'),
(2129, 'crime', 'unscrupulous'),
(2130, 'crime', 'untruthful'),
(2131, 'crime', 'culprits'),
(2132, 'crime', 'con'),
(2133, 'crime', 'convict'),
(2134, 'crime', 'criminal'),
(2135, 'crime', 'delinquent'),
(2136, 'crime', 'evildoer'),
(2137, 'crime', 'ex-con'),
(2138, 'crime', 'felon'),
(2139, 'crime', 'fugitive'),
(2140, 'crime', 'guilty party'),
(2141, 'crime', 'jailbird'),
(2142, 'crime', 'malefactor'),
(2143, 'crime', 'miscreant'),
(2144, 'crime', 'offender'),
(2145, 'crime', 'rascal'),
(2146, 'crime', 'sinner'),
(2147, 'crime', 'transgressor'),
(2148, 'crime', 'wrongdoer'),
(2149, 'crime', 'yardbird'),
(2150, 'crime', 'delinquent'),
(2151, 'crime', 'blamable'),
(2152, 'crime', 'blameworthy'),
(2153, 'crime', 'careless'),
(2154, 'crime', 'censurable'),
(2155, 'crime', 'criminal'),
(2156, 'crime', 'culpable'),
(2157, 'crime', 'defaultant'),
(2158, 'crime', 'derelict'),
(2159, 'crime', 'disregardful'),
(2160, 'crime', 'faulty'),
(2161, 'crime', 'guilty'),
(2162, 'crime', 'lax'),
(2163, 'crime', 'neglectful'),
(2164, 'crime', 'negligent'),
(2165, 'crime', 'offending'),
(2166, 'crime', 'overdue'),
(2167, 'crime', 'procrastinating'),
(2168, 'crime', 'red-handed'),
(2169, 'crime', 'remiss'),
(2170, 'crime', 'reprehensible'),
(2171, 'crime', 'shabby'),
(2172, 'crime', 'slack'),
(2173, 'crime', 'tardy'),
(2174, 'crime', 'unpaid'),
(2175, 'crime', 'deserter'),
(2176, 'crime', 'AWOL'),
(2177, 'crime', 'absconder'),
(2178, 'crime', 'apostate'),
(2179, 'crime', 'backslider'),
(2180, 'crime', 'betrayer'),
(2181, 'crime', 'criminal'),
(2182, 'crime', 'defector'),
(2183, 'crime', 'delinquent'),
(2184, 'crime', 'derelict'),
(2185, 'crime', 'escapee'),
(2186, 'crime', 'escaper'),
(2187, 'crime', 'hookey player'),
(2188, 'crime', 'lawbreaker'),
(2189, 'crime', 'maroon'),
(2190, 'crime', 'no-show'),
(2191, 'crime', 'recreant'),
(2192, 'crime', 'refugee'),
(2193, 'crime', 'renegade'),
(2194, 'crime', 'runaway'),
(2195, 'crime', 'shirker'),
(2196, 'crime', 'slacker'),
(2197, 'crime', 'traitor'),
(2198, 'crime', 'truant'),
(2199, 'crime', 'adversary'),
(2200, 'crime', 'agent'),
(2201, 'crime', 'antagonist'),
(2202, 'crime', 'archenemy'),
(2203, 'crime', 'asperser'),
(2204, 'crime', 'assailant'),
(2205, 'crime', 'assassin'),
(2206, 'crime', 'attacker'),
(2207, 'crime', 'backbiter'),
(2208, 'crime', 'bad person'),
(2209, 'crime', 'bandit'),
(2210, 'crime', 'betrayer'),
(2211, 'crime', 'calumniator'),
(2212, 'crime', 'competitor'),
(2213, 'crime', 'contender'),
(2214, 'crime', 'criminal'),
(2215, 'crime', 'defamer'),
(2216, 'crime', 'defiler'),
(2217, 'crime', 'detractor'),
(2218, 'crime', 'disputant'),
(2219, 'crime', 'emulator'),
(2220, 'crime', 'falsifier'),
(2221, 'crime', 'fifth column'),
(2222, 'crime', 'foe'),
(2223, 'crime', 'guerrilla'),
(2224, 'crime', 'informer'),
(2225, 'crime', 'inquisitor'),
(2226, 'crime', 'invader'),
(2227, 'crime', 'murderer'),
(2228, 'crime', 'opponent'),
(2229, 'crime', 'opposition'),
(2230, 'crime', 'other side'),
(2231, 'crime', 'prosecutor'),
(2232, 'crime', 'rebel'),
(2233, 'crime', 'revolutionary'),
(2234, 'crime', 'rival'),
(2235, 'crime', 'saboteur'),
(2236, 'crime', 'seditionist'),
(2237, 'crime', 'slanderer'),
(2238, 'crime', 'spy'),
(2239, 'crime', 'terrorist'),
(2240, 'crime', 'traducer'),
(2241, 'crime', 'traitor'),
(2242, 'crime', 'vilifier'),
(2243, 'crime', 'villain'),
(2244, 'crime', 'erring'),
(2245, 'crime', 'blundering'),
(2246, 'crime', 'criminal'),
(2247, 'crime', 'culpable'),
(2248, 'crime', 'delinquent'),
(2249, 'crime', 'deviating'),
(2250, 'crime', 'errant'),
(2251, 'crime', 'fallible'),
(2252, 'crime', 'faulty'),
(2253, 'crime', 'in error'),
(2254, 'crime', 'sinful'),
(2255, 'crime', 'sinning'),
(2256, 'crime', 'straying'),
(2257, 'crime', 'wrong'),
(2258, 'crime', 'evil doer'),
(2259, 'crime', 'bad person'),
(2260, 'crime', 'criminal'),
(2261, 'crime', 'devil'),
(2262, 'crime', 'evil person'),
(2263, 'crime', 'felon'),
(2264, 'crime', 'gangster'),
(2265, 'crime', 'lawbreaker'),
(2266, 'crime', 'murderer'),
(2267, 'crime', 'psychopath'),
(2268, 'crime', 'sinner'),
(2269, 'crime', 'sociopath'),
(2270, 'crime', 'troublemaker'),
(2271, 'crime', 'flagitious'),
(2272, 'crime', 'atrocious'),
(2273, 'crime', 'criminal'),
(2274, 'crime', 'flagrant'),
(2275, 'crime', 'heinous'),
(2276, 'crime', 'infamous'),
(2277, 'crime', 'rotten'),
(2278, 'crime', 'scandalous'),
(2279, 'crime', 'vicious'),
(2280, 'crime', 'villainous'),
(2281, 'crime', 'wicked'),
(2282, 'crime', 'fraudulent'),
(2283, 'crime', 'bamboozling'),
(2284, 'crime', 'counterfeit'),
(2285, 'crime', 'crafty'),
(2286, 'crime', 'criminal'),
(2287, 'crime', 'crooked'),
(2288, 'crime', 'deceitful'),
(2289, 'crime', 'devious'),
(2290, 'crime', 'dishonest'),
(2291, 'crime', 'dishonorable'),
(2292, 'crime', 'double-dealing'),
(2293, 'crime', 'duplicitous'),
(2294, 'crime', 'fake'),
(2295, 'crime', 'forged'),
(2296, 'crime', 'mock'),
(2297, 'crime', 'phony'),
(2298, 'crime', 'pseudo'),
(2299, 'crime', 'sham'),
(2300, 'crime', 'spurious'),
(2301, 'crime', 'swindling'),
(2302, 'crime', 'treacherous'),
(2303, 'crime', 'tricky'),
(2304, 'crime', 'fugitive'),
(2305, 'crime', 'avoiding'),
(2306, 'crime', 'brief'),
(2307, 'crime', 'criminal'),
(2308, 'crime', 'elusive'),
(2309, 'crime', 'ephemeral'),
(2310, 'crime', 'errant'),
(2311, 'crime', 'erratic'),
(2312, 'crime', 'escaping'),
(2313, 'crime', 'evading'),
(2314, 'crime', 'evanescent'),
(2315, 'crime', 'fleeting'),
(2316, 'crime', 'flitting'),
(2317, 'crime', 'flying'),
(2318, 'crime', 'fugacious'),
(2319, 'crime', 'hot'),
(2320, 'crime', 'impermanent'),
(2321, 'crime', 'lamster'),
(2322, 'crime', 'momentary'),
(2323, 'crime', 'moving'),
(2324, 'crime', 'on the lam'),
(2325, 'crime', 'passing'),
(2326, 'crime', 'planetary'),
(2327, 'crime', 'running away'),
(2328, 'crime', 'short'),
(2329, 'crime', 'short-lived'),
(2330, 'crime', 'temporary'),
(2331, 'crime', 'transitory'),
(2332, 'crime', 'unstable'),
(2333, 'crime', 'volatile'),
(2334, 'crime', 'wandering'),
(2335, 'crime', 'wanted'),
(2336, 'crime', 'bandit'),
(2337, 'crime', 'bruiser'),
(2338, 'crime', 'criminal'),
(2339, 'crime', 'crook'),
(2340, 'crime', 'dealer'),
(2341, 'crime', 'desperado'),
(2342, 'crime', 'goon'),
(2343, 'crime', 'hit person'),
(2344, 'crime', 'hood'),
(2345, 'crime', 'hoodlum'),
(2346, 'crime', 'hooligan'),
(2347, 'crime', 'mafioso'),
(2348, 'crime', 'member of the family'),
(2349, 'crime', 'mobster'),
(2350, 'crime', 'pusher'),
(2351, 'crime', 'racketeer'),
(2352, 'crime', 'robber'),
(2353, 'crime', 'ruffian'),
(2354, 'crime', 'soldier'),
(2355, 'crime', 'thug'),
(2356, 'crime', 'tough'),
(2357, 'crime', 'hood/hoodlum'),
(2358, 'crime', 'criminal'),
(2359, 'crime', 'delinquent'),
(2360, 'crime', 'gangster'),
(2361, 'crime', 'goon'),
(2362, 'crime', 'hooligan'),
(2363, 'crime', 'mobster'),
(2364, 'crime', 'punk'),
(2365, 'crime', 'rioter'),
(2366, 'crime', 'rowdy'),
(2367, 'crime', 'ruffian'),
(2368, 'crime', 'thug'),
(2369, 'crime', 'bully'),
(2370, 'crime', 'criminal'),
(2371, 'crime', 'delinquent'),
(2372, 'crime', 'gangster'),
(2373, 'crime', 'goon'),
(2374, 'crime', 'gorilla'),
(2375, 'crime', 'hooligan'),
(2376, 'crime', 'larrikin'),
(2377, 'crime', 'mobster'),
(2378, 'crime', 'punk'),
(2379, 'crime', 'actionable'),
(2380, 'crime', 'banned'),
(2381, 'crime', 'black-market'),
(2382, 'crime', 'bootleg'),
(2383, 'crime', 'contraband'),
(2384, 'crime', 'criminal'),
(2385, 'crime', 'crooked'),
(2386, 'crime', 'extralegal'),
(2387, 'crime', 'felonious'),
(2388, 'crime', 'forbidden'),
(2389, 'crime', 'heavy'),
(2390, 'crime', 'hot'),
(2391, 'crime', 'illegitimate'),
(2392, 'crime', 'illicit'),
(2393, 'crime', 'interdicted'),
(2394, 'crime', 'irregular'),
(2395, 'crime', 'lawless'),
(2396, 'crime', 'not approved'),
(2397, 'crime', 'not legal'),
(2398, 'crime', 'outlawed'),
(2399, 'crime', 'outside the law'),
(2400, 'crime', 'prohibited'),
(2401, 'crime', 'proscribed'),
(2402, 'crime', 'prosecutable'),
(2403, 'crime', 'racket'),
(2404, 'crime', 'shady'),
(2405, 'crime', 'smuggled'),
(2406, 'crime', 'sub rosa'),
(2407, 'crime', 'taboo'),
(2408, 'crime', 'unauthorized'),
(2409, 'crime', 'unconstitutional'),
(2410, 'crime', 'under the table'),
(2411, 'crime', 'unlawful'),
(2412, 'crime', 'unlicensed'),
(2413, 'crime', 'unofficial'),
(2414, 'crime', 'unwarrantable'),
(2415, 'crime', 'unwarranted'),
(2416, 'crime', 'verboten'),
(2417, 'crime', 'violating'),
(2418, 'crime', 'wildcat'),
(2419, 'crime', 'wrongful'),
(2420, 'crime', 'illicit'),
(2421, 'crime', 'illegal'),
(2422, 'crime', 'adulterous'),
(2423, 'crime', 'black-market'),
(2424, 'crime', 'bootleg'),
(2425, 'crime', 'clandestine'),
(2426, 'crime', 'contraband'),
(2427, 'crime', 'contrary to law'),
(2428, 'crime', 'criminal'),
(2429, 'crime', 'crooked'),
(2430, 'crime', 'dirty'),
(2431, 'crime', 'felonious'),
(2432, 'crime', 'furtive'),
(2433, 'crime', 'guilty'),
(2434, 'crime', 'heavy'),
(2435, 'crime', 'illegal'),
(2436, 'crime', 'illegitimate'),
(2437, 'crime', 'immoral'),
(2438, 'crime', 'improper'),
(2439, 'crime', 'in violation of law'),
(2440, 'crime', 'lawless'),
(2441, 'crime', 'out of line'),
(2442, 'crime', 'prohibited'),
(2443, 'crime', 'racket'),
(2444, 'crime', 'unauthorized'),
(2445, 'crime', 'unlawful'),
(2446, 'crime', 'unlicensed'),
(2447, 'crime', 'agitator'),
(2448, 'crime', 'arsonist'),
(2449, 'crime', 'criminal'),
(2450, 'crime', 'demagogue'),
(2451, 'crime', 'demonstrator'),
(2452, 'crime', 'firebrand'),
(2453, 'crime', 'insurgent'),
(2454, 'crime', 'pyromaniac'),
(2455, 'crime', 'rabble-rouser'),
(2456, 'crime', 'rebel'),
(2457, 'crime', 'revolutionary'),
(2458, 'crime', 'rioter'),
(2459, 'crime', 'burglar'),
(2460, 'crime', 'criminal'),
(2461, 'crime', 'gate-crasher'),
(2462, 'crime', 'infiltrator'),
(2463, 'crime', 'interferer'),
(2464, 'crime', 'interloper'),
(2465, 'crime', 'interrupter'),
(2466, 'crime', 'invader'),
(2467, 'crime', 'meddler'),
(2468, 'crime', 'nuisance'),
(2469, 'crime', 'obtruder'),
(2470, 'crime', 'prowler'),
(2471, 'crime', 'raider'),
(2472, 'crime', 'snooper'),
(2473, 'crime', 'squatter'),
(2474, 'crime', 'thief'),
(2475, 'crime', 'trespasser'),
(2476, 'crime', 'juvenile delinquent'),
(2477, 'crime', 'first offender'),
(2478, 'crime', 'gangbanger'),
(2479, 'crime', 'gangster'),
(2480, 'crime', 'goon'),
(2481, 'crime', 'hood'),
(2482, 'crime', 'hoodlum'),
(2483, 'crime', 'hooligan'),
(2484, 'crime', 'punk'),
(2485, 'crime', 'punk kid'),
(2486, 'crime', 'rowdy'),
(2487, 'crime', 'ruffian'),
(2488, 'crime', 'thug'),
(2489, 'crime', 'troublemaker'),
(2490, 'crime', 'youthful offender'),
(2491, 'crime', 'kleptomaniac'),
(2492, 'crime', 'crook'),
(2493, 'crime', 'defalcator'),
(2494, 'crime', 'embezzler'),
(2495, 'crime', 'heister'),
(2496, 'crime', 'highway robber'),
(2497, 'crime', 'highwayman'),
(2498, 'crime', 'hijacker'),
(2499, 'crime', 'holdup artist'),
(2500, 'crime', 'housebreaker'),
(2501, 'crime', 'kleptomaniac'),
(2502, 'crime', 'larcener'),
(2503, 'crime', 'lifter'),
(2504, 'crime', 'moonlighter'),
(2505, 'crime', 'mugger'),
(2506, 'crime', 'owl'),
(2507, 'crime', 'pickpocket'),
(2508, 'crime', 'pilferer'),
(2509, 'crime', 'pirate'),
(2510, 'crime', 'plunderer'),
(2511, 'crime', 'porch climber'),
(2512, 'crime', 'prowler'),
(2513, 'crime', 'punk'),
(2514, 'crime', 'purloiner'),
(2515, 'crime', 'robber'),
(2516, 'crime', 'scrounger'),
(2517, 'crime', 'shoplifter'),
(2518, 'crime', 'sniper'),
(2519, 'crime', 'spider'),
(2520, 'crime', 'stickup artist'),
(2521, 'crime', 'swindler'),
(2522, 'crime', 'thief'),
(2523, 'crime', 'caper'),
(2524, 'crime', 'complicit'),
(2525, 'crime', 'complicity'),
(2526, 'crime', 'copycat'),
(2527, 'crime', 'count'),
(2528, 'crime', 'crime'),
(2529, 'crime', 'crime of passion'),
(2530, 'crime', 'crime wave'),
(2531, 'crime', 'crime-ridden'),
(2532, 'crime', 'criminal'),
(2533, 'crime', 'criminal record'),
(2534, 'crime', 'crookedness'),
(2535, 'crime', 'delinquency'),
(2536, 'crime', 'delinquent'),
(2537, 'crime', 'drink-driving'),
(2538, 'crime', 'drive'),
(2539, 'crime', 'DWI'),
(2540, 'crime', 'felony'),
(2541, 'crime', 'first-degree'),
(2542, 'crime', 'foul play'),
(2543, 'crime', 'game'),
(2544, 'crime', 'hate crime'),
(2545, 'crime', 'illegality'),
(2546, 'crime', 'inside job'),
(2547, 'crime', 'juvenile delinquency'),
(2548, 'crime', 'lawlessness'),
(2549, 'crime', 'loitering'),
(2550, 'crime', 'misdeed'),
(2551, 'crime', 'netherworld'),
(2552, 'crime', 'offence'),
(2553, 'crime', 'offense'),
(2554, 'crime', 'outrage'),
(2555, 'crime', 'petty crime'),
(2556, 'crime', 'racket'),
(2557, 'crime', 'rap sheet'),
(2558, 'crime', 'second-degree'),
(2559, 'crime', 'speed'),
(2560, 'crime', 'speeding'),
(2561, 'crime', 'stitch-up'),
(2562, 'crime', 'thuggery'),
(2563, 'crime', 'tort'),
(2564, 'crime', 'transgression'),
(2565, 'crime', 'trespass'),
(2566, 'crime', 'vagrancy'),
(2567, 'crime', 'vice'),
(2568, 'crime', 'victimless'),
(2569, 'crime', 'war crime'),
(2570, 'crime', 'wrongdoing'),
(2571, 'crime', 'zero tolerance'),
(2572, 'trafficking', 'forced labour   '),
(2573, 'trafficking', 'smuggling'),
(2574, 'trafficking', 'rum-running'),
(2575, 'trafficking', 'running goods'),
(2576, 'trafficking', 'stealing'),
(2577, 'trafficking', 'prostitution'),
(2578, 'trafficking', ' slavery '),
(2579, 'trafficking', 'bootlegging'),
(2580, 'trafficking', 'counterfeiting'),
(2581, 'trafficking', 'crime'),
(2582, 'trafficking', 'dealing'),
(2583, 'trafficking', 'goods'),
(2584, 'trafficking', 'moonshine'),
(2585, 'trafficking', 'piracy'),
(2586, 'trafficking', 'plunder'),
(2587, 'trafficking', 'poaching'),
(2588, 'trafficking', 'rum-running'),
(2589, 'trafficking', 'smuggling'),
(2590, 'trafficking', 'stuff'),
(2591, 'trafficking', 'swag'),
(2592, 'trafficking', 'theft'),
(2593, 'trafficking', 'trafficking'),
(2594, 'trafficking', 'violation'),
(2595, 'trafficking', 'wetbacking'),
(2596, 'trafficking', 'hijacking'),
(2597, 'trafficking', 'infringement'),
(2598, 'trafficking', 'plagiarism'),
(2599, 'trafficking', 'theft'),
(2600, 'trafficking', 'bootlegging'),
(2601, 'trafficking', 'buccaneering'),
(2602, 'trafficking', 'rapine'),
(2603, 'trafficking', 'stealing'),
(2604, 'trafficking', 'swashbuckling'),
(2605, 'trafficking', 'commandeering'),
(2606, 'trafficking', 'freebooting'),
(2607, 'trafficking', 'marauding'),
(2608, 'trafficking', 'pirating'),
(2609, 'trafficking', 'bootlegging'),
(2610, 'trafficking', 'counterfeiting'),
(2611, 'trafficking', 'crime'),
(2612, 'trafficking', 'moonshine'),
(2613, 'trafficking', 'piracy'),
(2614, 'trafficking', 'plunder'),
(2615, 'trafficking', 'poaching'),
(2616, 'trafficking', 'rum-running'),
(2617, 'trafficking', 'smuggling'),
(2618, 'trafficking', 'stuff'),
(2619, 'trafficking', 'swag'),
(2620, 'trafficking', 'theft'),
(2621, 'trafficking', 'trafficking'),
(2622, 'trafficking', 'violation'),
(2623, 'trafficking', 'wetbacking'),
(2624, 'trafficking', 'carjack'),
(2625, 'trafficking', 'commandeer'),
(2626, 'trafficking', 'kidnap'),
(2627, 'trafficking', 'steal'),
(2628, 'trafficking', 'shanghai'),
(2629, 'trafficking', 'skyjack'),
(2630, 'trafficking', 'take hostage'),
(2631, 'trafficking', 'annex'),
(2632, 'trafficking', 'borrow'),
(2633, 'trafficking', 'clap'),
(2634, 'trafficking', 'confiscate'),
(2635, 'trafficking', 'cop'),
(2636, 'trafficking', 'embezzle'),
(2637, 'trafficking', 'filch'),
(2638, 'trafficking', 'get fingers on'),
(2639, 'trafficking', 'get hands on'),
(2640, 'trafficking', 'glom on to'),
(2641, 'trafficking', 'grab'),
(2642, 'trafficking', 'grab hold of'),
(2643, 'trafficking', 'hijack'),
(2644, 'trafficking', 'liberate'),
(2645, 'trafficking', 'lift'),
(2646, 'trafficking', 'misappropriate'),
(2647, 'trafficking', 'moonlight requisition'),
(2648, 'trafficking', 'pilfer'),
(2649, 'trafficking', 'pocket'),
(2650, 'trafficking', 'secure'),
(2651, 'trafficking', 'snatch'),
(2652, 'trafficking', 'swipe'),
(2653, 'trafficking', 'take over'),
(2654, 'trafficking', 'usurp'),
(2655, 'trafficking', 'arrogate'),
(2656, 'trafficking', 'preempt'),
(2657, 'trafficking', 'seize'),
(2658, 'trafficking', 'snatch'),
(2659, 'trafficking', 'commandeer'),
(2660, 'trafficking', 'confiscate'),
(2661, 'trafficking', 'expropriate'),
(2662, 'trafficking', 'sequestrate'),
(2663, 'trafficking', 'confiscate'),
(2664, 'trafficking', 'intercept'),
(2665, 'trafficking', 'ambush'),
(2666, 'trafficking', 'appropriate'),
(2667, 'trafficking', 'arrest'),
(2668, 'trafficking', 'block'),
(2669, 'trafficking', 'catch'),
(2670, 'trafficking', 'check'),
(2671, 'trafficking', 'curb'),
(2672, 'trafficking', 'cut in'),
(2673, 'trafficking', 'cut off'),
(2674, 'trafficking', 'deflect'),
(2675, 'trafficking', 'head off at pass'),
(2676, 'trafficking', 'hijack'),
(2677, 'trafficking', 'hinder'),
(2678, 'trafficking', 'interlope'),
(2679, 'trafficking', 'interpose'),
(2680, 'trafficking', 'make off with'),
(2681, 'trafficking', 'obstruct'),
(2682, 'trafficking', 'prevent'),
(2683, 'trafficking', 'seize'),
(2684, 'trafficking', 'shortstop'),
(2685, 'trafficking', 'stop'),
(2686, 'trafficking', 'kidnap'),
(2687, 'trafficking', 'body snatch'),
(2688, 'trafficking', 'bundle off'),
(2689, 'trafficking', 'capture'),
(2690, 'trafficking', 'carry away'),
(2691, 'trafficking', 'carry off'),
(2692, 'trafficking', 'coax'),
(2693, 'trafficking', 'decoy'),
(2694, 'trafficking', 'entice'),
(2695, 'trafficking', 'grab'),
(2696, 'trafficking', 'hijack'),
(2697, 'trafficking', 'impress'),
(2698, 'trafficking', 'inveigh'),
(2699, 'trafficking', 'lay hands on'),
(2700, 'trafficking', 'lure'),
(2701, 'trafficking', 'make off with'),
(2702, 'trafficking', 'pirate'),
(2703, 'trafficking', 'remove'),
(2704, 'trafficking', 'run away with'),
(2705, 'trafficking', 'seduce'),
(2706, 'trafficking', 'seize'),
(2707, 'trafficking', 'shanghai'),
(2708, 'trafficking', 'skyjack'),
(2709, 'trafficking', 'snatch'),
(2710, 'trafficking', 'spirit away'),
(2711, 'trafficking', 'steal'),
(2712, 'trafficking', 'waylay'),
(2713, 'trafficking', 'rob'),
(2714, 'trafficking', 'abscond'),
(2715, 'trafficking', 'appropriate'),
(2716, 'trafficking', 'bereave'),
(2717, 'trafficking', 'break into'),
(2718, 'trafficking', 'burglarize'),
(2719, 'trafficking', 'burgle'),
(2720, 'trafficking', 'cheat'),
(2721, 'trafficking', 'con'),
(2722, 'trafficking', 'cop'),
(2723, 'trafficking', 'defalcate'),
(2724, 'trafficking', 'defraud'),
(2725, 'trafficking', 'despoil'),
(2726, 'trafficking', 'disinherit'),
(2727, 'trafficking', 'dispossess'),
(2728, 'trafficking', 'divest'),
(2729, 'trafficking', 'do out of'),
(2730, 'trafficking', 'embezzle'),
(2731, 'trafficking', 'filch'),
(2732, 'trafficking', 'heist'),
(2733, 'trafficking', 'hijack'),
(2734, 'trafficking', 'hold up'),
(2735, 'trafficking', 'hustle'),
(2736, 'trafficking', 'liberate'),
(2737, 'trafficking', 'lift'),
(2738, 'trafficking', 'loot'),
(2739, 'trafficking', 'lose'),
(2740, 'trafficking', 'mug'),
(2741, 'trafficking', 'oust'),
(2742, 'trafficking', 'peculate'),
(2743, 'trafficking', 'pilfer'),
(2744, 'trafficking', 'pillage'),
(2745, 'trafficking', 'pinch'),
(2746, 'trafficking', 'plunder'),
(2747, 'trafficking', 'promote'),
(2748, 'trafficking', 'purloin'),
(2749, 'trafficking', 'raid'),
(2750, 'trafficking', 'ransack'),
(2751, 'trafficking', 'relieve'),
(2752, 'trafficking', 'requisition'),
(2753, 'trafficking', 'rifle'),
(2754, 'trafficking', 'rip off'),
(2755, 'trafficking', 'roll'),
(2756, 'trafficking', 'sack'),
(2757, 'trafficking', 'scrounge'),
(2758, 'trafficking', 'snitch'),
(2759, 'trafficking', 'stick up'),
(2760, 'trafficking', 'strip'),
(2761, 'trafficking', 'strong-arm'),
(2762, 'trafficking', 'swindle'),
(2763, 'trafficking', 'swipe'),
(2764, 'trafficking', 'take'),
(2765, 'trafficking', 'thieve'),
(2766, 'trafficking', 'withhold'),
(2767, 'trafficking', 'seize'),
(2768, 'trafficking', 'ambush'),
(2769, 'trafficking', 'annex'),
(2770, 'trafficking', 'apprehend'),
(2771, 'trafficking', 'appropriate'),
(2772, 'trafficking', 'arrest'),
(2773, 'trafficking', 'arrogate'),
(2774, 'trafficking', 'bag'),
(2775, 'trafficking', 'bust'),
(2776, 'trafficking', 'capture'),
(2777, 'trafficking', 'carry off'),
(2778, 'trafficking', 'catch'),
(2779, 'trafficking', 'claw'),
(2780, 'trafficking', 'clutch'),
(2781, 'trafficking', 'commandeer'),
(2782, 'trafficking', 'confiscate'),
(2783, 'trafficking', 'conquer'),
(2784, 'trafficking', 'exact'),
(2785, 'trafficking', 'force'),
(2786, 'trafficking', 'gain'),
(2787, 'trafficking', 'get'),
(2788, 'trafficking', 'grab'),
(2789, 'trafficking', 'grasp'),
(2790, 'trafficking', 'hijack'),
(2791, 'trafficking', 'hook'),
(2792, 'trafficking', 'impound'),
(2793, 'trafficking', 'incorporate'),
(2794, 'trafficking', 'kidnap'),
(2795, 'trafficking', 'lift'),
(2796, 'trafficking', 'nab'),
(2797, 'trafficking', 'nail'),
(2798, 'trafficking', 'occupy'),
(2799, 'trafficking', 'overcome'),
(2800, 'trafficking', 'overpower'),
(2801, 'trafficking', 'overrun'),
(2802, 'trafficking', 'overwhelm'),
(2803, 'trafficking', 'pick up'),
(2804, 'trafficking', 'pounce'),
(2805, 'trafficking', 'secure'),
(2806, 'trafficking', 'snag'),
(2807, 'trafficking', 'snare'),
(2808, 'trafficking', 'spirit away'),
(2809, 'trafficking', 'subdue'),
(2810, 'trafficking', 'take'),
(2811, 'trafficking', 'take by storm'),
(2812, 'trafficking', 'take captive'),
(2813, 'trafficking', 'take over'),
(2814, 'trafficking', 'take possession of'),
(2815, 'trafficking', 'throttle'),
(2816, 'trafficking', 'trap'),
(2817, 'trafficking', 'usurp'),
(2818, 'trafficking', 'wrench'),
(2819, 'trafficking', 'abduct'),
(2820, 'trafficking', 'capture'),
(2821, 'trafficking', 'carry away'),
(2822, 'trafficking', 'carry off'),
(2823, 'trafficking', 'grab'),
(2824, 'trafficking', 'hijack'),
(2825, 'trafficking', 'hold for ransom'),
(2826, 'trafficking', 'pirate'),
(2827, 'trafficking', 'run away with'),
(2828, 'trafficking', 'seize'),
(2829, 'trafficking', 'skyjack'),
(2830, 'trafficking', 'snatch'),
(2831, 'trafficking', 'abduct'),
(2832, 'trafficking', 'divert'),
(2833, 'trafficking', 'embezzle'),
(2834, 'trafficking', 'keep'),
(2835, 'trafficking', 'kidnap'),
(2836, 'trafficking', 'loot'),
(2837, 'trafficking', 'pilfer'),
(2838, 'trafficking', 'plunder'),
(2839, 'trafficking', 'ransack'),
(2840, 'trafficking', 'remove'),
(2841, 'trafficking', 'strip'),
(2842, 'trafficking', 'swipe'),
(2843, 'trafficking', 'take'),
(2844, 'trafficking', 'appropriate'),
(2845, 'trafficking', 'blackmail'),
(2846, 'trafficking', 'burglarize'),
(2847, 'trafficking', 'cheat'),
(2848, 'trafficking', 'cozen'),
(2849, 'trafficking', 'defraud'),
(2850, 'trafficking', 'despoil'),
(2851, 'trafficking', 'heist'),
(2852, 'trafficking', 'housebreak'),
(2853, 'trafficking', 'lift'),
(2854, 'trafficking', 'misappropriate'),
(2855, 'trafficking', 'peculate'),
(2856, 'trafficking', 'pillage'),
(2857, 'trafficking', 'pinch'),
(2858, 'trafficking', 'pirate'),
(2859, 'trafficking', 'plagiarize'),
(2860, 'trafficking', 'poach'),
(2861, 'trafficking', 'purloin'),
(2862, 'trafficking', 'rifle'),
(2863, 'trafficking', 'sack'),
(2864, 'trafficking', 'shoplift'),
(2865, 'trafficking', 'snitch'),
(2866, 'trafficking', 'swindle'),
(2867, 'trafficking', 'thieve'),
(2868, 'trafficking', 'withdraw'),
(2869, 'trafficking', 'carry off'),
(2870, 'trafficking', 'hold for ransom'),
(2871, 'trafficking', 'hold up'),
(2872, 'trafficking', 'make off with'),
(2873, 'trafficking', 'rip off'),
(2874, 'trafficking', 'run off with'),
(2875, 'trafficking', 'spirit away'),
(2876, 'trafficking', 'stick up'),
(2877, 'trafficking', 'take possession of'),
(2878, 'trafficking', 'walk off with'),
(2879, 'trafficking', 'confiscate'),
(2880, 'trafficking', 'deplete'),
(2881, 'trafficking', 'drain'),
(2882, 'trafficking', 'exhaust'),
(2883, 'trafficking', 'extract'),
(2884, 'trafficking', 'fleece'),
(2885, 'trafficking', 'impoverish'),
(2886, 'trafficking', 'leech'),
(2887, 'trafficking', 'milk'),
(2888, 'trafficking', 'mulct'),
(2889, 'trafficking', 'overcharge'),
(2890, 'trafficking', 'pauperize'),
(2891, 'trafficking', 'put the screws to'),
(2892, 'trafficking', 'rook'),
(2893, 'trafficking', 'burglarize'),
(2894, 'trafficking', 'burgle'),
(2895, 'trafficking', 'rip off'),
(2896, 'trafficking', 'rob'),
(2897, 'trafficking', 'steal'),
(2898, 'trafficking', 'at a bargain'),
(2899, 'trafficking', 'bargain'),
(2900, 'trafficking', 'bargain-basement'),
(2901, 'trafficking', 'bargain-counter'),
(2902, 'trafficking', 'bought for a song'),
(2903, 'trafficking', 'budget'),
(2904, 'trafficking', 'buy'),
(2905, 'trafficking', 'cheapo'),
(2906, 'trafficking', 'competitive'),
(2907, 'trafficking', 'cost next to nothing'),
(2908, 'trafficking', 'cut-price'),
(2909, 'trafficking', 'cut-rate'),
(2910, 'trafficking', 'depreciated'),
(2911, 'trafficking', 'dime-dozen'),
(2913, 'trafficking', 'economical'),
(2914, 'trafficking', 'half-priced'),
(2915, 'trafficking', 'irregular'),
(2916, 'trafficking', 'low tariff'),
(2917, 'trafficking', 'low-cost'),
(2918, 'trafficking', 'low-priced'),
(2919, 'trafficking', 'lowered'),
(2920, 'trafficking', 'markeddown'),
(2921, 'trafficking', 'moderate'),
(2922, 'trafficking', 'nominal'),
(2923, 'trafficking', 'onsale'),
(2924, 'trafficking', 'popularlypriced'),
(2925, 'trafficking', 'reel-buy'),
(2926, 'trafficking', 'reasonable'),
(2927, 'trafficking', 'reduced'),
(2928, 'trafficking', 'sale'),
(2929, 'trafficking', 'slashed'),
(2930, 'trafficking', 'standard'),
(2931, 'trafficking', 'steal'),
(2932, 'trafficking', 'uncostly'),
(2933, 'trafficking', 'undear'),
(2934, 'trafficking', 'utility'),
(2935, 'trafficking', 'worth the money'),
(2936, 'trafficking', 'bilk'),
(2937, 'trafficking', 'burn'),
(2938, 'trafficking', 'cheat'),
(2939, 'trafficking', 'chisel'),
(2940, 'trafficking', 'con'),
(2941, 'trafficking', 'defraud'),
(2942, 'trafficking', 'diddle'),
(2943, 'trafficking', 'dupe'),
(2944, 'trafficking', 'fleece'),
(2945, 'trafficking', 'fool'),
(2946, 'trafficking', 'gip'),
(2947, 'trafficking', 'gull'),
(2948, 'trafficking', 'gyp'),
(2949, 'trafficking', 'hose'),
(2950, 'trafficking', 'pull '),
(2951, 'trafficking', 'rip-off'),
(2952, 'trafficking', 'rook'),
(2953, 'trafficking', 'sandbag'),
(2954, 'trafficking', 'scam'),
(2955, 'trafficking', 'shaft'),
(2956, 'trafficking', 'steal'),
(2957, 'trafficking', 'takeride'),
(2958, 'trafficking', 'trick'),
(2959, 'trafficking', 'contravene'),
(2960, 'trafficking', 'crash'),
(2961, 'trafficking', 'disobey'),
(2962, 'trafficking', 'encroach'),
(2963, 'trafficking', 'entrench'),
(2964, 'trafficking', 'impose'),
(2965, 'trafficking', 'infract'),
(2966, 'trafficking', 'intrude'),
(2967, 'trafficking', 'invade'),
(2968, 'trafficking', 'lift'),
(2969, 'trafficking', 'meddle'),
(2970, 'trafficking', 'obtrude'),
(2971, 'trafficking', 'offend'),
(2972, 'trafficking', 'pirate'),
(2973, 'trafficking', 'presume'),
(2974, 'trafficking', 'steal'),
(2975, 'trafficking', 'transgress'),
(2976, 'trafficking', 'trespass'),
(2977, 'trafficking', 'larceny'),
(2978, 'trafficking', 'burglary'),
(2979, 'trafficking', 'crime'),
(2980, 'trafficking', 'lift'),
(2981, 'trafficking', 'misappropriation'),
(2982, 'trafficking', 'pilfering'),
(2983, 'trafficking', 'pinch'),
(2984, 'trafficking', 'purloining'),
(2985, 'trafficking', 'robbery'),
(2986, 'trafficking', 'steal'),
(2987, 'trafficking', 'stealing'),
(2988, 'trafficking', 'thievery'),
(2989, 'trafficking', 'thieving'),
(2990, 'trafficking', 'concealoneself'),
(2991, 'trafficking', 'creep'),
(2992, 'trafficking', 'crouch'),
(2993, 'trafficking', 'gofurtively'),
(2994, 'trafficking', 'gumshoe'),
(2995, 'trafficking', 'lie '),
(2996, 'trafficking', 'prowl'),
(2997, 'trafficking', 'skulk'),
(2998, 'trafficking', 'slide'),
(2999, 'trafficking', 'slink'),
(3000, 'trafficking', 'slip'),
(3001, 'trafficking', 'snake'),
(3002, 'trafficking', 'sneak'),
(3003, 'trafficking', 'snoop'),
(3004, 'trafficking', 'stayhidden'),
(3005, 'trafficking', 'pilferage'),
(3006, 'trafficking', 'burglary'),
(3007, 'trafficking', 'crime'),
(3008, 'trafficking', 'lift'),
(3009, 'trafficking', 'misappropriation'),
(3010, 'trafficking', 'pilfering'),
(3011, 'trafficking', 'pinch'),
(3012, 'trafficking', 'purloining'),
(3013, 'trafficking', 'robbery'),
(3014, 'trafficking', 'steal'),
(3015, 'trafficking', 'stealing'),
(3016, 'trafficking', 'theft'),
(3017, 'trafficking', 'thievery'),
(3018, 'trafficking', 'thieving'),
(3019, 'trafficking', 'confiscate'),
(3020, 'trafficking', 'depredate'),
(3021, 'trafficking', 'desecrate'),
(3022, 'trafficking', 'desolate'),
(3023, 'trafficking', 'despoil'),
(3024, 'trafficking', 'devastate'),
(3025, 'trafficking', 'devour'),
(3026, 'trafficking', 'gut'),
(3027, 'trafficking', 'invade'),
(3028, 'trafficking', 'lay waste'),
(3029, 'trafficking', 'lift'),
(3030, 'trafficking', 'loot'),
(3031, 'trafficking', 'maraud'),
(3032, 'trafficking', 'nab'),
(3033, 'trafficking', 'pilfer'),
(3034, 'trafficking', 'pinch'),
(3035, 'trafficking', 'purloin'),
(3036, 'trafficking', 'raid'),
(3037, 'trafficking', 'ransack'),
(3038, 'trafficking', 'ravage'),
(3039, 'trafficking', 'rifle'),
(3040, 'trafficking', 'rob'),
(3041, 'trafficking', 'ruin'),
(3042, 'trafficking', 'sack'),
(3043, 'trafficking', 'spoil'),
(3044, 'trafficking', 'spoliate'),
(3045, 'trafficking', 'fishillegally'),
(3046, 'trafficking', 'huntillegally'),
(3047, 'trafficking', 'skulk'),
(3048, 'trafficking', 'concealoneself'),
(3049, 'trafficking', 'creep'),
(3050, 'trafficking', 'crouch'),
(3051, 'trafficking', 'dodge'),
(3052, 'trafficking', 'elude'),
(3053, 'trafficking', 'evade'),
(3054, 'trafficking', 'hide'),
(3055, 'trafficking', 'lie '),
(3056, 'trafficking', 'prowl'),
(3057, 'trafficking', 'pussyfoot'),
(3058, 'trafficking', 'sidestep'),
(3059, 'trafficking', 'slack'),
(3060, 'trafficking', 'slink'),
(3061, 'trafficking', 'snake'),
(3062, 'trafficking', 'sneak'),
(3063, 'trafficking', 'snoop'),
(3064, 'trafficking', 'slink/slither'),
(3065, 'trafficking', 'coast'),
(3066, 'trafficking', 'cower'),
(3067, 'trafficking', 'glide'),
(3068, 'trafficking', 'glissade'),
(3069, 'trafficking', 'go stealthily'),
(3070, 'trafficking', 'gumshoe'),
(3071, 'trafficking', 'lurk'),
(3072, 'trafficking', 'meander'),
(3073, 'trafficking', 'pass quietly'),
(3074, 'trafficking', 'prowl'),
(3075, 'trafficking', 'pussyfoot'),
(3076, 'trafficking', 'shirk'),
(3077, 'trafficking', 'sidle'),
(3078, 'trafficking', 'skitter'),
(3079, 'trafficking', 'skulk'),
(3080, 'trafficking', 'slick'),
(3081, 'trafficking', 'slide'),
(3082, 'trafficking', 'slip'),
(3083, 'trafficking', 'snake'),
(3084, 'trafficking', 'sneak'),
(3085, 'trafficking', 'steal'),
(3086, 'trafficking', 'undulate');

-- --------------------------------------------------------

--
-- Table structure for table `user_feedbackmodel`
--

CREATE TABLE IF NOT EXISTS `user_feedbackmodel` (
  `id` int(11) NOT NULL AUTO_INCREMENT,
  `feedback` varchar(300) NOT NULL,
  `username_id` int(11) NOT NULL,
  PRIMARY KEY (`id`),
  KEY `user_feedbackmodel_username_id_1c74a46b_fk_user_registermodel_id` (`username_id`)
) ENGINE=InnoDB  DEFAULT CHARSET=latin1 AUTO_INCREMENT=3 ;

--
-- Dumping data for table `user_feedbackmodel`
--

INSERT INTO `user_feedbackmodel` (`id`, `feedback`, `username_id`) VALUES
(1, 'thank you sir', 3),
(2, ' improve the designing process', 5);

-- --------------------------------------------------------

--
-- Table structure for table `user_registermodel`
--

CREATE TABLE IF NOT EXISTS `user_registermodel` (
  `id` int(11) NOT NULL AUTO_INCREMENT,
  `firstname` varchar(300) NOT NULL,
  `lastname` varchar(200) NOT NULL,
  `userid` varchar(200) NOT NULL,
  `password` int(11) NOT NULL,
  `mblenum` bigint(20) NOT NULL,
  `email` varchar(400) NOT NULL,
  `gender` varchar(200) NOT NULL,
  PRIMARY KEY (`id`)
) ENGINE=InnoDB  DEFAULT CHARSET=latin1 AUTO_INCREMENT=6 ;

--
-- Dumping data for table `user_registermodel`
--

INSERT INTO `user_registermodel` (`id`, `firstname`, `lastname`, `userid`, `password`, `mblenum`, `email`, `gender`) VALUES
(1, 'santhosh', 'kumar', 'santhosh', 1234, 9789672188, 'chennaisunday.cs0216@gmail.com', 'male'),
(2, 'suresh', 'kumar', 'suresh', 6789, 9789672189, 'chennaisunday.cs0209@gmail.com', 'male'),
(3, 'sabari', 'nathan', 'sabari', 1997, 9789672189, 'sabarinathan1350@gmail.com', 'male'),
(4, 'sanjai', 'kumar', 'sanjai', 1996, 9785372180, 'sanjai12@gmail.com', 'male'),
(5, 'siva', 'krishna', 'siva', 1, 9589452187, 'siva12@gmail.com', 'male');

-- --------------------------------------------------------

--
-- Table structure for table `user_sendmailmodel`
--

CREATE TABLE IF NOT EXISTS `user_sendmailmodel` (
  `id` int(11) NOT NULL AUTO_INCREMENT,
  `sendermail` varchar(50) NOT NULL,
  `to` varchar(100) NOT NULL,
  `subject` varchar(100) NOT NULL,
  `chat` varchar(200) NOT NULL,
  `spam` varchar(200) NOT NULL,
  `category` varchar(100) NOT NULL,
  PRIMARY KEY (`id`)
) ENGINE=InnoDB  DEFAULT CHARSET=latin1 AUTO_INCREMENT=225 ;

--
-- Dumping data for table `user_sendmailmodel`
--

INSERT INTO `user_sendmailmodel` (`id`, `sendermail`, `to`, `subject`, `chat`, `spam`, `category`) VALUES
(192, 'siva12@gmail.com', 'sabarinathan1350@gmail.com', 'project', 'plagiarism', 'spam', 'trafficking'),
(193, 'sabarinathan1350@gmail.com', 'siva12@gmail.com', 'dispute ', 'a territorial dispute between the two countries', 'spam', 'war'),
(194, 'sabarinathan1350@gmail.com', 'sabarinathan1350@gmail.com', 'threat ', 'expressing or suggesting a threat of harm, danger, etc. ', 'spam', 'Threat'),
(195, 'sabarinathan1350@gmail.com', 'siva12@gmail.com', 'project', 'Planned set of interrelated tasks to be executed over a fixed period and within certain cost and other limitations. ... Use ''project'' in a Sentence. Creating the financial report was an enormous proje', 'index', 'other'),
(196, 'siva12@gmail.com', 'sanjai12@gmail.com', 'illegal ', 'illegal drugs', 'spam', 'Crime'),
(197, 'siva12@gmail.com', 'sanjai12@gmail.com', 'illegal ', 'illegal drugs', 'spam', 'Crime'),
(198, 'siva12@gmail.com', 'sanjai12@gmail.com', 'ultimatum ', 'An ultimatum is a demand whose fulfillment is requested in a specified period of time and which is backed up by a threat to be followed through in case of noncompliance', 'spam', 'Threat'),
(199, 'sanjai12@gmail.com', 'siva12@gmail.com', 'demoniac', 'a goddess with both divine and demoniac qualities', 'spam', 'Violence'),
(200, 'sanjai12@gmail.com', 'siva12@gmail.com', 'plunder', 'the commander refused to maintain his troops through pillage and plunder', 'spam', 'trafficking'),
(217, 'siva12@gmail.com', 'siva12@gmail.com', 'subject', 'An immigration violation is considered a civil offense. Advocates and police say keeping civil immigration enforcement and criminal police enforcement separate helps police fight crime, because immigr', 'spam', 'other'),
(222, 'siva12@gmail.com', 'siva12@gmail.com', 'project', 'we drfthb rftj ', 'inbox', 'other'),
(223, 'sanjai12@gmail.com', 'siva12@gmail.com', 'project', 'hii how are you', 'inbox', 'other'),
(224, 'siva12@gmail.com', 'siva12@gmail.com', 'project', 'next week start the battle', 'spam', 'war');

--
-- Constraints for dumped tables
--

--
-- Constraints for table `auth_group_permissions`
--
ALTER TABLE `auth_group_permissions`
  ADD CONSTRAINT `auth_group_permissions_group_id_b120cbf9_fk_auth_group_id` FOREIGN KEY (`group_id`) REFERENCES `auth_group` (`id`),
  ADD CONSTRAINT `auth_group_permissio_permission_id_84c5c92e_fk_auth_perm` FOREIGN KEY (`permission_id`) REFERENCES `auth_permission` (`id`);

--
-- Constraints for table `auth_permission`
--
ALTER TABLE `auth_permission`
  ADD CONSTRAINT `auth_permission_content_type_id_2f476e4b_fk_django_co` FOREIGN KEY (`content_type_id`) REFERENCES `django_content_type` (`id`);

--
-- Constraints for table `auth_user_groups`
--
ALTER TABLE `auth_user_groups`
  ADD CONSTRAINT `auth_user_groups_group_id_97559544_fk_auth_group_id` FOREIGN KEY (`group_id`) REFERENCES `auth_group` (`id`),
  ADD CONSTRAINT `auth_user_groups_user_id_6a12ed8b_fk_auth_user_id` FOREIGN KEY (`user_id`) REFERENCES `auth_user` (`id`);

--
-- Constraints for table `auth_user_user_permissions`
--
ALTER TABLE `auth_user_user_permissions`
  ADD CONSTRAINT `auth_user_user_permissions_user_id_a95ead1b_fk_auth_user_id` FOREIGN KEY (`user_id`) REFERENCES `auth_user` (`id`),
  ADD CONSTRAINT `auth_user_user_permi_permission_id_1fbb5f2c_fk_auth_perm` FOREIGN KEY (`permission_id`) REFERENCES `auth_permission` (`id`);

--
-- Constraints for table `django_admin_log`
--
ALTER TABLE `django_admin_log`
  ADD CONSTRAINT `django_admin_log_content_type_id_c4bce8eb_fk_django_co` FOREIGN KEY (`content_type_id`) REFERENCES `django_content_type` (`id`),
  ADD CONSTRAINT `django_admin_log_user_id_c564eba6_fk_auth_user_id` FOREIGN KEY (`user_id`) REFERENCES `auth_user` (`id`);

--
-- Constraints for table `user_feedbackmodel`
--
ALTER TABLE `user_feedbackmodel`
  ADD CONSTRAINT `user_feedbackmodel_username_id_1c74a46b_fk_user_registermodel_id` FOREIGN KEY (`username_id`) REFERENCES `user_registermodel` (`id`);

/*!40101 SET CHARACTER_SET_CLIENT=@OLD_CHARACTER_SET_CLIENT */;
/*!40101 SET CHARACTER_SET_RESULTS=@OLD_CHARACTER_SET_RESULTS */;
/*!40101 SET COLLATION_CONNECTION=@OLD_COLLATION_CONNECTION */;
